codigo,codigo_distrito,codigo_concelho,codigo_freguesia,concelho,nome,extinta
010101,01,01,01,AGUEDA,AGADÃO,true
010102,01,01,02,AGUEDA,AGUADA DE BAIXO,true
010103,01,01,03,AGUEDA,AGUADA DE CIMA,false
010104,01,01,04,AGUEDA,AGUEDA,true
010105,01,01,05,AGUEDA,BARRO,true
010106,01,01,06,AGUEDA,BELAZAIMA DO CHÃO,true
010107,01,01,07,AGUEDA,CASTANHEIRA DO VOUGA,true
010108,01,01,08,AGUEDA,ESPINHEL,true
010109,01,01,09,AGUEDA,FERMENTELOS,false
010110,01,01,10,AGUEDA,LAMAS DO VOUGA,true
010111,01,01,11,AGUEDA,MACIEIRA DE ALCOBA,true
010112,01,01,12,AGUEDA,MACINHATA DO VOUGA,false
010113,01,01,13,AGUEDA,OIS DA RIBEIRA,true
010114,01,01,14,AGUEDA,PRESTIMO,true
010115,01,01,15,AGUEDA,RECARDÃES,true
010116,01,01,16,AGUEDA,SEGADÃES,true
010117,01,01,17,AGUEDA,TRAVASSO,true
010118,01,01,18,AGUEDA,TROFA,true
010119,01,01,19,AGUEDA,VALONGO DO VOUGA,false
010120,01,01,20,AGUEDA,BORRALHA,true
010121,01,01,21,AGUEDA,AGUEDA E BORRALHA,false
010122,01,01,22,AGUEDA,BARRO E AGUADA DE BAIXO,false
010123,01,01,23,AGUEDA,"BELAZAIMA DO CHÃO, CASTANHEIRA DO VOUGA E AGADÃO",false
010124,01,01,24,AGUEDA,RECARDÃES E ESPINHEL,false
010125,01,01,25,AGUEDA,TRAVASSO E OIS DA RIBEIRA,false
010126,01,01,26,AGUEDA,"TROFA, SEGADÃES E LAMAS DO VOUGA",false
010127,01,01,27,AGUEDA,PRESTIMO E MACIEIRA DE ALCOBA,false
010201,01,02,01,ALBERGARIA-A-VELHA,ALBERGARIA-A-VELHA,true
010202,01,02,02,ALBERGARIA-A-VELHA,ALQUERUBIM,false
010203,01,02,03,ALBERGARIA-A-VELHA,ANGEJA,false
010204,01,02,04,ALBERGARIA-A-VELHA,BRANCA,false
010205,01,02,05,ALBERGARIA-A-VELHA,FROSSOS,true
010206,01,02,06,ALBERGARIA-A-VELHA,RIBEIRA DE FRAGUAS,false
010207,01,02,07,ALBERGARIA-A-VELHA,SÃO JOÃO DE LOURE,true
010208,01,02,08,ALBERGARIA-A-VELHA,VALMAIOR,true
010209,01,02,09,ALBERGARIA-A-VELHA,ALBERGARIA-A-VELHA E VALMAIOR,false
010210,01,02,10,ALBERGARIA-A-VELHA,SÃO JOÃO DE LOURE E FROSSOS,false
010301,01,03,01,ANADIA,AMOREIRA DA GANDARA,true
010302,01,03,02,ANADIA,ANCAS,true
010303,01,03,03,ANADIA,ARCOS,true
010304,01,03,04,ANADIA,AVELÃS DE CAMINHO,false
010305,01,03,05,ANADIA,AVELÃS DE CIMA,false
010306,01,03,06,ANADIA,MOGOFORES,true
010307,01,03,07,ANADIA,MOITA,false
010308,01,03,08,ANADIA,OIS DO BAIRRO,true
010309,01,03,09,ANADIA,SANGALHOS,false
010310,01,03,10,ANADIA,S. LOURENÇO DO BAIRRO,false
010311,01,03,11,ANADIA,TAMENGOS,true
010312,01,03,12,ANADIA,VILA NOVA DE MONSARROS,false
010313,01,03,13,ANADIA,VILARINHO DO BAIRRO,false
010314,01,03,14,ANADIA,PAREDES DO BAIRRO,true
010315,01,03,15,ANADIA,AGUIM,true
010316,01,03,16,ANADIA,"AMOREIRA DA GANDARA, PAREDES DO BAIRRO E ANCAS",false
010317,01,03,17,ANADIA,ARCOS E MOGOFORES,false
010318,01,03,18,ANADIA,"TAMENGOS, AGUIM E OIS DO BAIRRO",false
010401,01,04,01,AROUCA,ALBERGARIA DA SERRA,true
010402,01,04,02,AROUCA,ALVARENGA,false
010403,01,04,03,AROUCA,AROUCA,true
010404,01,04,04,AROUCA,BURGO,true
010405,01,04,05,AROUCA,CABREIROS,true
010406,01,04,06,AROUCA,CANELAS,true
010407,01,04,07,AROUCA,CHAVE,false
010408,01,04,08,AROUCA,COVELO DE PAIVO,true
010409,01,04,09,AROUCA,ESCARIZ,false
010410,01,04,10,AROUCA,ESPIUNCA,true
010411,01,04,11,AROUCA,FERMEDO,false
010412,01,04,12,AROUCA,JANARDE,true
010413,01,04,13,AROUCA,MANSORES,false
010414,01,04,14,AROUCA,MOLDES,false
010415,01,04,15,AROUCA,ROSSAS,false
010416,01,04,16,AROUCA,SANTA EULALIA,false
010417,01,04,17,AROUCA,S. MIGUEL DO MATO,false
010418,01,04,18,AROUCA,TROPEÇO,false
010419,01,04,19,AROUCA,URRO,false
010420,01,04,20,AROUCA,VARZEA,false
010421,01,04,21,AROUCA,AROUCA E BURGO,false
010422,01,04,22,AROUCA,CABREIROS E ALBERGARIA DA SERRA,false
010423,01,04,23,AROUCA,CANELAS E ESPIUNCA,false
010424,01,04,24,AROUCA,COVELO DE PAIVO E JANARDE,false
010501,01,05,01,AVEIRO,ARADAS,false
010502,01,05,02,AVEIRO,CACIA,false
010503,01,05,03,AVEIRO,EIROL,true
010504,01,05,04,AVEIRO,EIXO,true
010505,01,05,05,AVEIRO,ESGUEIRA,false
010506,01,05,06,AVEIRO,GLORIA,true
010507,01,05,07,AVEIRO,NARIZ,true
010508,01,05,08,AVEIRO,OLIVEIRINHA,false
010509,01,05,09,AVEIRO,REQUEIXO,true
010510,01,05,10,AVEIRO,S. BERNARDO,false
010511,01,05,11,AVEIRO,S. JACINTO,false
010512,01,05,12,AVEIRO,VERA CRUZ,true
010513,01,05,13,AVEIRO,SANTA JOANA,false
010514,01,05,14,AVEIRO,NOSSA SENHORA DE FATIMA,true
010515,01,05,15,AVEIRO,EIXO E EIROL,false
010516,01,05,16,AVEIRO,"REQUEIXO, NOSSA SENHORA DE FATIMA E NARIZ",false
010517,01,05,17,AVEIRO,GLORIA E VERA CRUZ,false
010601,01,06,01,CASTELO DE PAIVA,BAIRROS,true
010602,01,06,02,CASTELO DE PAIVA,FORNOS,false
010603,01,06,03,CASTELO DE PAIVA,PARAISO,true
010604,01,06,04,CASTELO DE PAIVA,PEDORIDO,true
010605,01,06,05,CASTELO DE PAIVA,RAIVA,true
010606,01,06,06,CASTELO DE PAIVA,REAL,false
010607,01,06,07,CASTELO DE PAIVA,SANTA MARIA DE SARDOURA,false
010608,01,06,08,CASTELO DE PAIVA,S. MARTINHO DE SARDOURA,false
010609,01,06,09,CASTELO DE PAIVA,SOBRADO,true
010610,01,06,10,CASTELO DE PAIVA,"RAIVA, PEDORIDO E PARAISO",false
010611,01,06,11,CASTELO DE PAIVA,SOBRADO E BAIRROS,false
010701,01,07,01,ESPINHO,ANTA,true
010702,01,07,02,ESPINHO,ESPINHO,false
010703,01,07,03,ESPINHO,GUETIM,true
010704,01,07,04,ESPINHO,PARAMOS,false
010705,01,07,05,ESPINHO,SILVALDE,false
010706,01,07,06,ESPINHO,ANTA E GUETIM,false
010801,01,08,01,ESTARREJA,AVANCA,false
010802,01,08,02,ESTARREJA,BEDUIDO,true
010803,01,08,03,ESTARREJA,CANELAS,true
010804,01,08,04,ESTARREJA,FERMELÃ,true
010805,01,08,05,ESTARREJA,PARDILHO,false
010806,01,08,06,ESTARREJA,SALREU,false
010807,01,08,07,ESTARREJA,VEIROS,true
010808,01,08,08,ESTARREJA,BEDUIDO E VEIROS,false
010809,01,08,09,ESTARREJA,CANELAS E FERMELÃ,false
010901,01,09,01,SANTA MARIA DA FEIRA,ARGONCILHE,false
010902,01,09,02,SANTA MARIA DA FEIRA,ARRIFANA,false
010903,01,09,03,SANTA MARIA DA FEIRA,CANEDO,true
010904,01,09,04,SANTA MARIA DA FEIRA,ESCAPÃES,false
010905,01,09,05,SANTA MARIA DA FEIRA,ESPARGO,true
010906,01,09,06,SANTA MARIA DA FEIRA,FEIRA,true
010907,01,09,07,SANTA MARIA DA FEIRA,FIÃES,false
010908,01,09,08,SANTA MARIA DA FEIRA,FORNOS,false
010909,01,09,09,SANTA MARIA DA FEIRA,GIÃO,true
010910,01,09,10,SANTA MARIA DA FEIRA,GUISANDE,true
010911,01,09,11,SANTA MARIA DA FEIRA,LOBÃO,true
010912,01,09,12,SANTA MARIA DA FEIRA,LOUREDO,true
010913,01,09,13,SANTA MARIA DA FEIRA,LOUROSA,false
010914,01,09,14,SANTA MARIA DA FEIRA,MILHEIROS DE POIARES,false
010915,01,09,15,SANTA MARIA DA FEIRA,MOSTEIRO,true
010916,01,09,16,SANTA MARIA DA FEIRA,MOZELOS,false
010917,01,09,17,SANTA MARIA DA FEIRA,NOGUEIRA DA REGEDOURA,false
010918,01,09,18,SANTA MARIA DA FEIRA,S. PAIO DE OLEIROS,false
010919,01,09,19,SANTA MARIA DA FEIRA,PAÇOS DE BRANDÃO,false
010920,01,09,20,SANTA MARIA DA FEIRA,PIGEIROS,true
010921,01,09,21,SANTA MARIA DA FEIRA,RIO MEÃO,false
010922,01,09,22,SANTA MARIA DA FEIRA,ROMARIZ,false
010923,01,09,23,SANTA MARIA DA FEIRA,SANFINS,true
010924,01,09,24,SANTA MARIA DA FEIRA,SANGUEDO,false
010925,01,09,25,SANTA MARIA DA FEIRA,SANTA MARIA DE LAMAS,false
010926,01,09,26,SANTA MARIA DA FEIRA,S. JOÃO DE VER,false
010927,01,09,27,SANTA MARIA DA FEIRA,CALDAS DE SÃO JORGE,true
010928,01,09,28,SANTA MARIA DA FEIRA,SOUTO,true
010929,01,09,29,SANTA MARIA DA FEIRA,TRAVANCA,true
010930,01,09,30,SANTA MARIA DA FEIRA,VALE,true
010931,01,09,31,SANTA MARIA DA FEIRA,VILA MAIOR,true
010932,01,09,32,SANTA MARIA DA FEIRA,CALDAS DE SÃO JORGE E PIGEIROS,false
010933,01,09,33,SANTA MARIA DA FEIRA,"CANEDO, VALE E VILA MAIOR",false
010934,01,09,34,SANTA MARIA DA FEIRA,"LOBÃO, GIÃO, LOUREDO E GUISANDE",false
010935,01,09,35,SANTA MARIA DA FEIRA,"SANTA MARIA DA FEIRA, TRAVANCA, SANFINS E ESPARGO",false
010936,01,09,36,SANTA MARIA DA FEIRA,SÃO MIGUEL DO SOUTO E MOSTEIRO,false
011001,01,10,01,ILHAVO,GAFANHA DO CARMO,true
011002,01,10,02,ILHAVO,GAFANHA DA ENCARNAÇÃO,true
011003,01,10,03,ILHAVO,GAFANHA DA NAZARE,true
011004,01,10,04,ILHAVO,ILHAVO (SÃO SALVADOR),true
011005,01,10,05,ILHAVO,GAFANHA DA ENCARNAÇÃO,false
011006,01,10,06,ILHAVO,GAFANHA DA NAZARE,false
011007,01,10,07,ILHAVO,GAFANHA DO CARMO,false
011008,01,10,08,ILHAVO,ILHAVO (SÃO SALVADOR),false
011101,01,11,01,MEALHADA,ANTES,true
011102,01,11,02,MEALHADA,BARCOUÇO,false
011103,01,11,03,MEALHADA,CASAL COMBA,false
011104,01,11,04,MEALHADA,LUSO,false
011105,01,11,05,MEALHADA,MEALHADA,true
011106,01,11,06,MEALHADA,PAMPILHOSA,false
011107,01,11,07,MEALHADA,VACARIÇA,false
011108,01,11,08,MEALHADA,VENTOSA DO BAIRRO,true
011109,01,11,09,MEALHADA,"MEALHADA, VENTOSA DO BAIRRO E ANTES",false
011201,01,12,01,MURTOSA,BUNHEIRO,false
011202,01,12,02,MURTOSA,MONTE,false
011203,01,12,03,MURTOSA,MURTOSA,false
011204,01,12,04,MURTOSA,TORREIRA,false
011301,01,13,01,OLIVEIRA DE AZEMEIS,CARREGOSA,false
011302,01,13,02,OLIVEIRA DE AZEMEIS,CESAR,false
011303,01,13,03,OLIVEIRA DE AZEMEIS,FAJÕES,false
011304,01,13,04,OLIVEIRA DE AZEMEIS,LOUREIRO,false
011305,01,13,05,OLIVEIRA DE AZEMEIS,MACIEIRA DE SARNES,false
011306,01,13,06,OLIVEIRA DE AZEMEIS,MACINHATA DA SEIXA,true
011307,01,13,07,OLIVEIRA DE AZEMEIS,MADAIL,true
011308,01,13,08,OLIVEIRA DE AZEMEIS,NOGUEIRA DO CRAVO,true
011309,01,13,09,OLIVEIRA DE AZEMEIS,OLIVEIRA DE AZEMEIS,true
011310,01,13,10,OLIVEIRA DE AZEMEIS,OSSELA,false
011311,01,13,11,OLIVEIRA DE AZEMEIS,PALMAZ,true
011312,01,13,12,OLIVEIRA DE AZEMEIS,PINDELO,true
011313,01,13,13,OLIVEIRA DE AZEMEIS,PINHEIRO DA BEMPOSTA,true
011314,01,13,14,OLIVEIRA DE AZEMEIS,SANTIAGO DE RIBA-UL,true
011315,01,13,15,OLIVEIRA DE AZEMEIS,S. MARTINHO DA GANDARA,false
011316,01,13,16,OLIVEIRA DE AZEMEIS,TRAVANCA,true
011317,01,13,17,OLIVEIRA DE AZEMEIS,UL,true
011318,01,13,18,OLIVEIRA DE AZEMEIS,SÃO ROQUE,false
011319,01,13,19,OLIVEIRA DE AZEMEIS,VILA DE CUCUJÃES,false
011320,01,13,20,OLIVEIRA DE AZEMEIS,NOGUEIRA DO CRAVO E PINDELO,false
011321,01,13,21,OLIVEIRA DE AZEMEIS,"O. AZEMEIS, RIBA-UL, UL, MACINHATA SEIXA, MADAIL",false
011322,01,13,22,OLIVEIRA DE AZEMEIS,"PINHEIRO DA BEMPOSTA, TRAVANCA E PALMAZ",false
011401,01,14,01,OLIVEIRA DO BAIRRO,BUSTOS,true
011402,01,14,02,OLIVEIRA DO BAIRRO,MAMARROSA,true
011403,01,14,03,OLIVEIRA DO BAIRRO,OIÃ,false
011404,01,14,04,OLIVEIRA DO BAIRRO,OLIVEIRA DO BAIRRO,false
011405,01,14,05,OLIVEIRA DO BAIRRO,PALHAÇA,false
011406,01,14,06,OLIVEIRA DO BAIRRO,TROVISCAL,true
011407,01,14,07,OLIVEIRA DO BAIRRO,"BUSTOS, TROVISCAL E MAMARROSA",false
011501,01,15,01,OVAR,ARADA,true
011502,01,15,02,OVAR,CORTEGAÇA,false
011503,01,15,03,OVAR,ESMORIZ,false
011504,01,15,04,OVAR,MACEDA,false
011505,01,15,05,OVAR,OVAR,true
011506,01,15,06,OVAR,SÃO VICENTE DE PEREIRA JUSÃ,true
011507,01,15,07,OVAR,VALEGA,false
011508,01,15,08,OVAR,SÃO JOÃO,true
011509,01,15,09,OVAR,"OVAR, S.JOÃO, ARADA E S.VICENTE DE PEREIRA JUSÃ",false
011601,01,16,01,S. JOÃO DA MADEIRA,S. JOÃO DA MADEIRA,false
011701,01,17,01,SEVER DO VOUGA,CEDRIM,true
011702,01,17,02,SEVER DO VOUGA,COUTO DE ESTEVES,false
011703,01,17,03,SEVER DO VOUGA,PARADELA,true
011704,01,17,04,SEVER DO VOUGA,PESSEGUEIRO DO VOUGA,false
011705,01,17,05,SEVER DO VOUGA,ROCAS DO VOUGA,false
011706,01,17,06,SEVER DO VOUGA,SEVER DO VOUGA,false
011707,01,17,07,SEVER DO VOUGA,SILVA ESCURA,true
011708,01,17,08,SEVER DO VOUGA,TALHADAS,false
011709,01,17,09,SEVER DO VOUGA,DORNELAS,true
011710,01,17,10,SEVER DO VOUGA,CEDRIM E PARADELA,false
011711,01,17,11,SEVER DO VOUGA,SILVA ESCURA E DORNELAS,false
011801,01,18,01,VAGOS,CALVÃO,false
011802,01,18,02,VAGOS,COVÃO DO LOBO,true
011803,01,18,03,VAGOS,FONTE DE ANGEÃO,true
011804,01,18,04,VAGOS,GAFANHA DA BOA HORA,false
011805,01,18,05,VAGOS,OUCA,false
011806,01,18,06,VAGOS,PONTE DE VAGOS,true
011807,01,18,07,VAGOS,SOZA,false
011808,01,18,08,VAGOS,VAGOS,true
011809,01,18,09,VAGOS,SANTO ANTONIO DE VAGOS,true
011810,01,18,10,VAGOS,SANTO ANDRE DE VAGOS,false
011811,01,18,11,VAGOS,SANTA CATARINA,true
011812,01,18,12,VAGOS,FONTE DE ANGEÃO E COVÃO DO LOBO,false
011813,01,18,13,VAGOS,PONTE DE VAGOS E SANTA CATARINA,false
011814,01,18,14,VAGOS,VAGOS E SANTO ANTONIO,false
011901,01,19,01,VALE DE CAMBRA,ARÕES,false
011902,01,19,02,VALE DE CAMBRA,SÃO PEDRO DE CASTELÕES,false
011903,01,19,03,VALE DE CAMBRA,CEPELOS,false
011904,01,19,04,VALE DE CAMBRA,CODAL,true
011905,01,19,05,VALE DE CAMBRA,JUNQUEIRA,false
011906,01,19,06,VALE DE CAMBRA,MACIEIRA DE CAMBRA,false
011907,01,19,07,VALE DE CAMBRA,ROGE,false
011908,01,19,08,VALE DE CAMBRA,VILA CHÃ,true
011909,01,19,09,VALE DE CAMBRA,VILA COVA DE PERRINHO,true
011910,01,19,10,VALE DE CAMBRA,"VILA CHÃ, CODAL E VILA COVA DE PERRINHO",false
020101,02,01,01,ALJUSTREL,ALJUSTREL,true
020102,02,01,02,ALJUSTREL,ERVIDEL,false
020103,02,01,03,ALJUSTREL,MESSEJANA,false
020104,02,01,04,ALJUSTREL,S. JOÃO DE NEGRILHOS,false
020105,02,01,05,ALJUSTREL,RIO DE MOINHOS,true
020106,02,01,06,ALJUSTREL,ALJUSTREL E RIO DE MOINHOS,false
020201,02,02,01,ALMODOVAR,ALMODOVAR,true
020202,02,02,02,ALMODOVAR,GOMES AIRES,true
020203,02,02,03,ALMODOVAR,ROSARIO,false
020204,02,02,04,ALMODOVAR,SANTA CLARA-A-NOVA,true
020205,02,02,05,ALMODOVAR,SANTA CRUZ,false
020206,02,02,06,ALMODOVAR,S. BARNABE,false
020207,02,02,07,ALMODOVAR,SENHORA DA GRAÇA DE PADRÕES,true
020208,02,02,08,ALMODOVAR,ALDEIA DOS FERNANDES,false
020209,02,02,09,ALMODOVAR,ALMODOVAR E GRAÇA DOS PADRÕES,false
020210,02,02,10,ALMODOVAR,SANTA CLARA-A-NOVA E GOMES AIRES,false
020301,02,03,01,ALVITO,ALVITO,false
020302,02,03,02,ALVITO,VILA NOVA DA BARONIA,false
020401,02,04,01,BARRANCOS,BARRANCOS,false
020501,02,05,01,BEJA,ALBERNOA,true
020502,02,05,02,BEJA,BALEIZÃO,false
020503,02,05,03,BEJA,BERINGEL,false
020504,02,05,04,BEJA,CABEÇA GORDA,false
020505,02,05,05,BEJA,MOMBEJA,true
020506,02,05,06,BEJA,NOSSA SENHORA DAS NEVES,false
020507,02,05,07,BEJA,QUINTOS,true
020508,02,05,08,BEJA,SALVADA,true
020509,02,05,09,BEJA,BEJA (SALVADOR),true
020510,02,05,10,BEJA,SANTA CLARA DE LOUREDO,false
020511,02,05,11,BEJA,BEJA (SANTA MARIA DA FEIRA),true
020512,02,05,12,BEJA,SANTA VITORIA,true
020513,02,05,13,BEJA,BEJA (SANTIAGO MAIOR),true
020514,02,05,14,BEJA,SÃO BRISSOS,true
020515,02,05,15,BEJA,BEJA (SÃO JOÃO BAPTISTA),true
020516,02,05,16,BEJA,S. MATIAS,false
020517,02,05,17,BEJA,TRINDADE,true
020518,02,05,18,BEJA,TRIGACHES,true
020519,02,05,19,BEJA,ALBERNOA E TRINDADE,false
020520,02,05,20,BEJA,BEJA (SALVADOR E SANTA MARIA DA FEIRA),false
020521,02,05,21,BEJA,BEJA (SANTIAGO MAIOR E SÃO JOÃO BAPTISTA),false
020522,02,05,22,BEJA,SALVADA E QUINTOS,false
020523,02,05,23,BEJA,SANTA VITORIA E MOMBEJA,false
020524,02,05,24,BEJA,TRIGACHES E SÃO BRISSOS,false
020601,02,06,01,CASTRO VERDE,CASEVEL,true
020602,02,06,02,CASTRO VERDE,CASTRO VERDE,true
020603,02,06,03,CASTRO VERDE,ENTRADAS,false
020604,02,06,04,CASTRO VERDE,SANTA BARBARA DE PADRÕES,false
020605,02,06,05,CASTRO VERDE,S. MARCOS DA ATABOEIRA,false
020606,02,06,06,CASTRO VERDE,CASTRO VERDE E CASEVEL,false
020701,02,07,01,CUBA,CUBA,false
020702,02,07,02,CUBA,FARO DO ALENTEJO,false
020703,02,07,03,CUBA,VILA ALVA,false
020704,02,07,04,CUBA,VILA RUIVA,false
020801,02,08,01,FERREIRA DO ALENTEJO,ALFUNDÃO,true
020802,02,08,02,FERREIRA DO ALENTEJO,FERREIRA DO ALENTEJO,true
020803,02,08,03,FERREIRA DO ALENTEJO,FIGUEIRA DOS CAVALEIROS,false
020804,02,08,04,FERREIRA DO ALENTEJO,ODIVELAS,false
020805,02,08,05,FERREIRA DO ALENTEJO,PEROGUARDA,true
020806,02,08,06,FERREIRA DO ALENTEJO,CANHESTROS,true
020807,02,08,07,FERREIRA DO ALENTEJO,ALFUNDÃO E PEROGUARDA,false
020808,02,08,08,FERREIRA DO ALENTEJO,FERREIRA DO ALENTEJO E CANHESTROS,false
020901,02,09,01,MERTOLA,ALCARIA RUIVA,false
020902,02,09,02,MERTOLA,CORTE DO PINTO,false
020903,02,09,03,MERTOLA,ESPIRITO SANTO,false
020904,02,09,04,MERTOLA,MERTOLA,false
020905,02,09,05,MERTOLA,SANTANA DE CAMBAS,false
020906,02,09,06,MERTOLA,S. JOÃO DOS CALDEIREIROS,false
020907,02,09,07,MERTOLA,SÃO MIGUEL DO PINHEIRO,true
020908,02,09,08,MERTOLA,SÃO PEDRO DE SOLIS,true
020909,02,09,09,MERTOLA,SÃO SEBASTIÃO DOS CARROS,true
020910,02,09,10,MERTOLA,"S.MIG. PINHEIRO, S.PEDRO SOLIS, S.SEBASTIÃO CARROS",false
021001,02,10,01,MOURA,AMARELEJA,false
021002,02,10,02,MOURA,POVOA DE SÃO MIGUEL,false
021003,02,10,03,MOURA,SAFARA,true
021004,02,10,04,MOURA,MOURA (SANTO AGOSTINHO),true
021005,02,10,05,MOURA,SANTO ALEIXO DA RESTAURAÇÃO,true
021006,02,10,06,MOURA,SANTO AMADOR,true
021007,02,10,07,MOURA,MOURA (SÃO JOÃO BAPTISTA),true
021008,02,10,08,MOURA,SOBRAL DA ADIÇA,false
021009,02,10,09,MOURA,SANTO AGOSTINHO E SÃO JOÃO BAPTISTA E SANTO AMADOR,false
021010,02,10,10,MOURA,SAFARA E SANTO ALEIXO DA RESTAURAÇÃO,false
021101,02,11,01,ODEMIRA,COLOS,true
021102,02,11,02,ODEMIRA,RELIQUIAS,false
021103,02,11,03,ODEMIRA,SABOIA,false
021104,02,11,04,ODEMIRA,SANTA CLARA-A-VELHA,true
021105,02,11,05,ODEMIRA,ODEMIRA (SANTA MARIA),true
021106,02,11,06,ODEMIRA,S. LUIS,false
021107,02,11,07,ODEMIRA,S. MARTINHO DAS AMOREIRAS,false
021108,02,11,08,ODEMIRA,ODEMIRA (SÃO SALVADOR),true
021109,02,11,09,ODEMIRA,SÃO TEOTONIO,true
021110,02,11,10,ODEMIRA,VALE DE SANTIAGO,true
021111,02,11,11,ODEMIRA,VILA NOVA DE MILFONTES,false
021112,02,11,12,ODEMIRA,PEREIRAS-GARE,true
021113,02,11,13,ODEMIRA,BICOS,true
021114,02,11,14,ODEMIRA,ZAMBUJEIRA DO MAR,true
021115,02,11,15,ODEMIRA,LUZIANES-GARE,false
021116,02,11,16,ODEMIRA,LONGUEIRA/ALMOGRAVE,false
021117,02,11,17,ODEMIRA,BOAVISTA DOS PINHEIROS,false
021118,02,11,18,ODEMIRA,COLOS,false
021119,02,11,19,ODEMIRA,SANTA CLARA-A-VELHA,false
021120,02,11,20,ODEMIRA,SÃO SALVADOR E SANTA MARIA,false
021121,02,11,21,ODEMIRA,SÃO TEOTONIO,false
021122,02,11,22,ODEMIRA,VALE DE SANTIAGO,false
021201,02,12,01,OURIQUE,CONCEIÇÃO,true
021202,02,12,02,OURIQUE,GARVÃO,true
021203,02,12,03,OURIQUE,OURIQUE,false
021204,02,12,04,OURIQUE,PANOIAS,true
021205,02,12,05,OURIQUE,SANTA LUZIA,true
021206,02,12,06,OURIQUE,SANTANA DA SERRA,false
021207,02,12,07,OURIQUE,GARVÃO E SANTA LUZIA,false
021208,02,12,08,OURIQUE,PANOIAS E CONCEIÇÃO,false
021301,02,13,01,SERPA,ALDEIA NOVA DE SÃO BENTO,true
021302,02,13,02,SERPA,BRINCHES,false
021303,02,13,03,SERPA,PIAS,false
021304,02,13,04,SERPA,SERPA (SALVADOR),true
021305,02,13,05,SERPA,SERPA (SANTA MARIA),true
021306,02,13,06,SERPA,VALE DE VARGO,true
021307,02,13,07,SERPA,VILA VERDE DE FICALHO,false
021308,02,13,08,SERPA,SERPA (SALVADOR E SANTA MARIA),false
021309,02,13,09,SERPA,VILA NOVA DE SÃO BENTO E VALE DE VARGO,false
021401,02,14,01,VIDIGUEIRA,PEDROGÃO,false
021402,02,14,02,VIDIGUEIRA,SELMES,false
021403,02,14,03,VIDIGUEIRA,VIDIGUEIRA,false
021404,02,14,04,VIDIGUEIRA,VILA DE FRADES,false
030101,03,01,01,AMARES,AMARES,true
030102,03,01,02,AMARES,BARREIROS,false
030103,03,01,03,AMARES,BESTEIROS,true
030104,03,01,04,AMARES,BICO,false
030105,03,01,05,AMARES,CAIRES,false
030106,03,01,06,AMARES,CALDELAS,true
030107,03,01,07,AMARES,CARRAZEDO,false
030108,03,01,08,AMARES,DORNELAS,false
030109,03,01,09,AMARES,FERREIROS,true
030110,03,01,10,AMARES,FIGUEIREDO,true
030111,03,01,11,AMARES,FISCAL,false
030112,03,01,12,AMARES,GOÃES,false
030113,03,01,13,AMARES,LAGO,false
030114,03,01,14,AMARES,PARANHOS,true
030115,03,01,15,AMARES,PAREDES SECAS,true
030116,03,01,16,AMARES,PORTELA,true
030117,03,01,17,AMARES,PROZELO,true
030118,03,01,18,AMARES,RENDUFE,false
030119,03,01,19,AMARES,BOURO (SANTA MARIA),false
030120,03,01,20,AMARES,BOURO (SANTA MARTA),false
030121,03,01,21,AMARES,SEQUEIROS,true
030122,03,01,22,AMARES,SERAMIL,true
030123,03,01,23,AMARES,TORRE,true
030124,03,01,24,AMARES,VILELA,true
030125,03,01,25,AMARES,AMARES E FIGUEIREDO,false
030126,03,01,26,AMARES,"CALDELAS, SEQUEIROS E PARANHOS",false
030127,03,01,27,AMARES,"FERREIROS, PROZELO E BESTEIROS",false
030128,03,01,28,AMARES,TORRE E PORTELA,false
030129,03,01,29,AMARES,"VILELA, SERAMIL E PAREDES SECAS",false
0302FA,03,02,FA,BARCELOS,"MILHAZES, VILAR DE FIGOS E FARIA",false
0302FB,03,02,FB,BARCELOS,NEGREIROS E CHAVÃO,false
0302FC,03,02,FC,BARCELOS,QUINTIÃES E AGUIAR,false
0302FD,03,02,FD,BARCELOS,SEQUEADE E BASTUÇO (SÃO JOÃO E SANTO ESTEVÃO),false
0302FE,03,02,FE,BARCELOS,SILVEIROS E RIO COVO (SANTA EULALIA),false
0302FF,03,02,FF,BARCELOS,TAMEL (SANTA LEOCADIA) E VILAR DO MONTE,false
0302FG,03,02,FG,BARCELOS,"VIATODOS, GRIMANCELOS, MINHOTÃES, MONTE FRALÃES",false
0302FH,03,02,FH,BARCELOS,VILA COVA E FEITOS,false
030201,03,02,01,BARCELOS,ABADE DE NEIVA,false
030202,03,02,02,BARCELOS,ABORIM,false
030203,03,02,03,BARCELOS,ADÃES,false
030204,03,02,04,BARCELOS,AGUIAR,true
030205,03,02,05,BARCELOS,AIRO,false
030206,03,02,06,BARCELOS,ALDREU,false
030207,03,02,07,BARCELOS,ALHEIRA,true
030208,03,02,08,BARCELOS,ALVELOS,false
030209,03,02,09,BARCELOS,ARCOZELO,false
030210,03,02,10,BARCELOS,AREIAS,false
030211,03,02,11,BARCELOS,AREIAS DE VILAR,true
030212,03,02,12,BARCELOS,BALUGÃES,false
030213,03,02,13,BARCELOS,BARCELINHOS,false
030214,03,02,14,BARCELOS,BARCELOS,true
030215,03,02,15,BARCELOS,BARQUEIROS,false
030216,03,02,16,BARCELOS,CAMBESES,false
030217,03,02,17,BARCELOS,CAMPO,true
030218,03,02,18,BARCELOS,CARAPEÇOS,false
030219,03,02,19,BARCELOS,CARREIRA,true
030220,03,02,20,BARCELOS,CARVALHAL,false
030221,03,02,21,BARCELOS,CARVALHAS,false
030222,03,02,22,BARCELOS,CHAVÃO,true
030223,03,02,23,BARCELOS,CHORENTE,true
030224,03,02,24,BARCELOS,COSSOURADO,false
030225,03,02,25,BARCELOS,COUREL,true
030226,03,02,26,BARCELOS,COUTO,true
030227,03,02,27,BARCELOS,CREIXOMIL,true
030228,03,02,28,BARCELOS,CRISTELO,false
030229,03,02,29,BARCELOS,DURRÃES,true
030230,03,02,30,BARCELOS,ENCOURADOS,true
030231,03,02,31,BARCELOS,FARIA,true
030232,03,02,32,BARCELOS,FEITOS,true
030233,03,02,33,BARCELOS,FONTE COBERTA,true
030234,03,02,34,BARCELOS,FORNELOS,false
030235,03,02,35,BARCELOS,FRAGOSO,false
030236,03,02,36,BARCELOS,GAMIL,true
030237,03,02,37,BARCELOS,GILMONDE,false
030238,03,02,38,BARCELOS,GOIOS,true
030239,03,02,39,BARCELOS,GRIMANCELOS,true
030240,03,02,40,BARCELOS,GUERAL,true
030241,03,02,41,BARCELOS,IGREJA NOVA,true
030242,03,02,42,BARCELOS,LAMA,false
030243,03,02,43,BARCELOS,LIJO,false
030244,03,02,44,BARCELOS,MACIEIRA DE RATES,false
030245,03,02,45,BARCELOS,MANHENTE,false
030246,03,02,46,BARCELOS,MARIZ,true
030247,03,02,47,BARCELOS,MARTIM,false
030248,03,02,48,BARCELOS,MIDÕES,true
030249,03,02,49,BARCELOS,MILHAZES,true
030250,03,02,50,BARCELOS,MINHOTÃES,true
030251,03,02,51,BARCELOS,MONTE DE FRALÃES,true
030252,03,02,52,BARCELOS,MOURE,false
030253,03,02,53,BARCELOS,NEGREIROS,true
030254,03,02,54,BARCELOS,OLIVEIRA,false
030255,03,02,55,BARCELOS,PALME,false
030256,03,02,56,BARCELOS,PANQUE,false
030257,03,02,57,BARCELOS,PARADELA,false
030258,03,02,58,BARCELOS,PEDRA FURADA,true
030259,03,02,59,BARCELOS,PEREIRA,false
030260,03,02,60,BARCELOS,PERELHAL,false
030261,03,02,61,BARCELOS,POUSA,false
030262,03,02,62,BARCELOS,QUINTIÃES,true
030263,03,02,63,BARCELOS,REMELHE,false
030264,03,02,64,BARCELOS,RORIZ,false
030265,03,02,65,BARCELOS,RIO COVO (SANTA EUGENIA),false
030266,03,02,66,BARCELOS,RIO COVO (SANTA EULALIA),true
030267,03,02,67,BARCELOS,TAMEL (SANTA LEOCADIA),true
030268,03,02,68,BARCELOS,GALEGOS (SANTA MARIA),false
030269,03,02,69,BARCELOS,BASTUÇO (SANTO ESTEVÃO),true
030270,03,02,70,BARCELOS,BASTUÇO (SÃO JOÃO),true
030271,03,02,71,BARCELOS,ALVITO (SÃO MARTINHO),true
030272,03,02,72,BARCELOS,GALEGOS (S. MARTINHO),false
030273,03,02,73,BARCELOS,VILA FRESCAINHA (SÃO MARTINHO),true
030274,03,02,74,BARCELOS,ALVITO (SÃO PEDRO),true
030275,03,02,75,BARCELOS,VILA FRESCAINHA (SÃO PEDRO),true
030276,03,02,76,BARCELOS,TAMEL (SÃO PEDRO FINS),true
030277,03,02,77,BARCELOS,TAMEL (S. VERISSIMO),false
030278,03,02,78,BARCELOS,SEQUEADE,true
030279,03,02,79,BARCELOS,SILVA,false
030280,03,02,80,BARCELOS,SILVEIROS,true
030281,03,02,81,BARCELOS,TREGOSA,true
030282,03,02,82,BARCELOS,UCHA,false
030283,03,02,83,BARCELOS,VARZEA,false
030284,03,02,84,BARCELOS,VIATODOS,true
030285,03,02,85,BARCELOS,VILA BOA,true
030286,03,02,86,BARCELOS,VILA COVA,true
030287,03,02,87,BARCELOS,VILA SECA,false
030288,03,02,88,BARCELOS,VILAR DE FIGOS,true
030289,03,02,89,BARCELOS,VILAR DO MONTE,true
030290,03,02,90,BARCELOS,ALHEIRA E IGREJA NOVA,false
030291,03,02,91,BARCELOS,ALVITO (SÃO PEDRO E SÃO MARTINHO) E COUTO,false
030292,03,02,92,BARCELOS,AREIAS DE VILAR E ENCOURADOS,false
030293,03,02,93,BARCELOS,"BARCELOS, V.BOA, V.FRESCAINHA",false
030294,03,02,94,BARCELOS,CAMPO E TAMEL (SÃO PEDRO FINS),false
030295,03,02,95,BARCELOS,CARREIRA E FONTE COBERTA,false
030296,03,02,96,BARCELOS,"CHORENTE, GOIOS, COUREL, PEDRA FURADA E GUERAL",false
030297,03,02,97,BARCELOS,CREIXOMIL E MARIZ,false
030298,03,02,98,BARCELOS,DURRÃES E TREGOSA,false
030299,03,02,99,BARCELOS,GAMIL E MIDÕES,false
030301,03,03,01,BRAGA,ADAUFE,false
030302,03,03,02,BRAGA,ARCOS,true
030303,03,03,03,BRAGA,ARENTIM,true
030304,03,03,04,BRAGA,AVELEDA,true
030305,03,03,05,BRAGA,CABREIROS,true
030306,03,03,06,BRAGA,CELEIROS,true
030307,03,03,07,BRAGA,BRAGA (CIVIDADE),true
030308,03,03,08,BRAGA,CRESPOS,true
030309,03,03,09,BRAGA,CUNHA,true
030310,03,03,10,BRAGA,DUME,true
030311,03,03,11,BRAGA,ESCUDEIROS,true
030312,03,03,12,BRAGA,ESPINHO,false
030313,03,03,13,BRAGA,ESPORÕES,false
030314,03,03,14,BRAGA,FERREIROS,true
030315,03,03,15,BRAGA,FIGUEIREDO,false
030316,03,03,16,BRAGA,FRAIÃO,true
030317,03,03,17,BRAGA,FROSSOS,true
030318,03,03,18,BRAGA,GONDIZALVES,true
030319,03,03,19,BRAGA,GUALTAR,false
030320,03,03,20,BRAGA,GUISANDE,true
030321,03,03,21,BRAGA,LAMAÇÃES,true
030322,03,03,22,BRAGA,LAMAS,false
030323,03,03,23,BRAGA,LOMAR,true
030324,03,03,24,BRAGA,BRAGA (MAXIMINOS),true
030325,03,03,25,BRAGA,MIRE DE TIBÃES,false
030326,03,03,26,BRAGA,MORREIRA,true
030327,03,03,27,BRAGA,NAVARRA,true
030328,03,03,28,BRAGA,NOGUEIRA,true
030329,03,03,29,BRAGA,NOGUEIRO,true
030330,03,03,30,BRAGA,PADIM DA GRAÇA,false
030331,03,03,31,BRAGA,PALMEIRA,false
030332,03,03,32,BRAGA,PANOIAS,true
030333,03,03,33,BRAGA,PARADA DE TIBÃES,true
030334,03,03,34,BRAGA,PEDRALVA,false
030335,03,03,35,BRAGA,POUSADA,true
030336,03,03,36,BRAGA,PRISCOS,false
030337,03,03,37,BRAGA,REAL,true
030338,03,03,38,BRAGA,RUILHE,false
030339,03,03,39,BRAGA,SANTA LUCRECIA DE ALGERIZ,true
030340,03,03,40,BRAGA,PENSO (SANTO ESTEVÃO),true
030341,03,03,41,BRAGA,BRAGA (SÃO JOÃO DO SOUTO),true
030342,03,03,42,BRAGA,BRAGA (SÃO JOSE DE SÃO LAZARO),true
030343,03,03,43,BRAGA,PASSOS (SÃO JULIÃO),true
030344,03,03,44,BRAGA,ESTE (SÃO MAMEDE),true
030345,03,03,45,BRAGA,MERELIM (SÃO PAIO),true
030346,03,03,46,BRAGA,ESTE (SÃO PEDRO),true
030347,03,03,47,BRAGA,MERELIM (SÃO PEDRO),true
030348,03,03,48,BRAGA,OLIVEIRA (SÃO PEDRO),true
030349,03,03,49,BRAGA,BRAGA (S. VICENTE),false
030350,03,03,50,BRAGA,PENSO (SÃO VICENTE),true
030351,03,03,51,BRAGA,BRAGA (S. VITOR),false
030352,03,03,52,BRAGA,BRAGA (SE),true
030353,03,03,53,BRAGA,SEMELHE,true
030354,03,03,54,BRAGA,SEQUEIRA,false
030355,03,03,55,BRAGA,SOBREPOSTA,false
030356,03,03,56,BRAGA,TADIM,false
030357,03,03,57,BRAGA,TEBOSA,false
030358,03,03,58,BRAGA,TENÕES,true
030359,03,03,59,BRAGA,TRANDEIRAS,true
030360,03,03,60,BRAGA,VILAÇA,true
030361,03,03,61,BRAGA,VIMIEIRO,true
030362,03,03,62,BRAGA,FRADELOS,true
030363,03,03,63,BRAGA,ARENTIM E CUNHA,false
030364,03,03,64,BRAGA,"BRAGA (MAXIMINOS, SE E CIVIDADE)",false
030365,03,03,65,BRAGA,BRAGA (SÃO JOSE DE SÃO LAZARO E SÃO JOÃO DO SOUTO),false
030366,03,03,66,BRAGA,CABREIROS E PASSOS (SÃO JULIÃO),false
030367,03,03,67,BRAGA,"CELEIROS, AVELEDA E VIMIEIRO",false
030368,03,03,68,BRAGA,CRESPOS E POUSADA,false
030369,03,03,69,BRAGA,ESCUDEIROS E PENSO (SANTO ESTEVÃO E SÃO VICENTE),false
030370,03,03,70,BRAGA,ESTE (SÃO PEDRO E SÃO MAMEDE),false
030371,03,03,71,BRAGA,FERREIROS E GONDIZALVES,false
030372,03,03,72,BRAGA,GUISANDE E OLIVEIRA (SÃO PEDRO),false
030373,03,03,73,BRAGA,LOMAR E ARCOS,false
030374,03,03,74,BRAGA,"MERELIM (SÃO PAIO), PANOIAS E PARADA DE TIBÃES",false
030375,03,03,75,BRAGA,MERELIM (SÃO PEDRO) E FROSSOS,false
030376,03,03,76,BRAGA,MORREIRA E TRANDEIRAS,false
030377,03,03,77,BRAGA,"NOGUEIRA, FRAIÃO E LAMAÇÃES",false
030378,03,03,78,BRAGA,NOGUEIRO E TENÕES,false
030379,03,03,79,BRAGA,"REAL, DUME E SEMELHE",false
030380,03,03,80,BRAGA,SANTA LUCRECIA DE ALGERIZ E NAVARRA,false
030381,03,03,81,BRAGA,VILAÇA E FRADELOS,false
030401,03,04,01,CABECEIRAS DE BASTO,ABADIM,false
030402,03,04,02,CABECEIRAS DE BASTO,ALVITE,true
030403,03,04,03,CABECEIRAS DE BASTO,ARCO DE BAULHE,true
030404,03,04,04,CABECEIRAS DE BASTO,BASTO,false
030405,03,04,05,CABECEIRAS DE BASTO,BUCOS,false
030406,03,04,06,CABECEIRAS DE BASTO,CABECEIRAS DE BASTO,false
030407,03,04,07,CABECEIRAS DE BASTO,CAVEZ,false
030408,03,04,08,CABECEIRAS DE BASTO,FAIA,false
030409,03,04,09,CABECEIRAS DE BASTO,GONDIÃES,true
030410,03,04,10,CABECEIRAS DE BASTO,OUTEIRO,true
030411,03,04,11,CABECEIRAS DE BASTO,PAINZELA,true
030412,03,04,12,CABECEIRAS DE BASTO,PASSOS,true
030413,03,04,13,CABECEIRAS DE BASTO,PEDRAÇA,false
030414,03,04,14,CABECEIRAS DE BASTO,REFOJOS DE BASTO,true
030415,03,04,15,CABECEIRAS DE BASTO,RIO DOURO,false
030416,03,04,16,CABECEIRAS DE BASTO,VILA NUNE,true
030417,03,04,17,CABECEIRAS DE BASTO,VILAR DE CUNHAS,true
030418,03,04,18,CABECEIRAS DE BASTO,ALVITE E PASSOS,false
030419,03,04,19,CABECEIRAS DE BASTO,ARCO DE BAULHE E VILA NUNE,false
030420,03,04,20,CABECEIRAS DE BASTO,GONDIÃES E VILAR DE CUNHAS,false
030421,03,04,21,CABECEIRAS DE BASTO,"REFOJOS DE BASTO, OUTEIRO E PAINZELA",false
030501,03,05,01,CELORICO DE BASTO,AGILDE,false
030502,03,05,02,CELORICO DE BASTO,ARNOIA,false
030503,03,05,03,CELORICO DE BASTO,BORBA DA MONTANHA,false
030504,03,05,04,CELORICO DE BASTO,BRITELO,true
030505,03,05,05,CELORICO DE BASTO,CAÇARILHE,true
030506,03,05,06,CELORICO DE BASTO,CANEDO DE BASTO,true
030507,03,05,07,CELORICO DE BASTO,CARVALHO,true
030508,03,05,08,CELORICO DE BASTO,CODEÇOSO,false
030509,03,05,09,CELORICO DE BASTO,CORGO,true
030510,03,05,10,CELORICO DE BASTO,FERVENÇA,false
030511,03,05,11,CELORICO DE BASTO,GAGOS,true
030512,03,05,12,CELORICO DE BASTO,GEMEOS,true
030513,03,05,13,CELORICO DE BASTO,INFESTA,true
030514,03,05,14,CELORICO DE BASTO,MOLARES,true
030515,03,05,15,CELORICO DE BASTO,MOREIRA DO CASTELO,false
030516,03,05,16,CELORICO DE BASTO,OURILHE,true
030517,03,05,17,CELORICO DE BASTO,REGO,false
030518,03,05,18,CELORICO DE BASTO,RIBAS,false
030519,03,05,19,CELORICO DE BASTO,BASTO (SANTA TECLA),true
030520,03,05,20,CELORICO DE BASTO,BASTO (S. CLEMENTE),false
030521,03,05,21,CELORICO DE BASTO,VALE DE BOURO,false
030522,03,05,22,CELORICO DE BASTO,VEADE,true
030523,03,05,23,CELORICO DE BASTO,"BRITELO, GEMEOS E OURILHE",false
030524,03,05,24,CELORICO DE BASTO,CAÇARILHE E INFESTA,false
030525,03,05,25,CELORICO DE BASTO,CANEDO DE BASTO E CORGO,false
030526,03,05,26,CELORICO DE BASTO,CARVALHO E BASTO (SANTA TECLA),false
030527,03,05,27,CELORICO DE BASTO,"VEADE, GAGOS E MOLARES",false
030601,03,06,01,ESPOSENDE,ANTAS,false
030602,03,06,02,ESPOSENDE,APULIA,true
030603,03,06,03,ESPOSENDE,BELINHO,true
030604,03,06,04,ESPOSENDE,CURVOS,true
030605,03,06,05,ESPOSENDE,ESPOSENDE,true
030606,03,06,06,ESPOSENDE,FÃO,true
030607,03,06,07,ESPOSENDE,FONTE BOA,true
030608,03,06,08,ESPOSENDE,FORJÃES,false
030609,03,06,09,ESPOSENDE,GANDRA,true
030610,03,06,10,ESPOSENDE,GEMESES,false
030611,03,06,11,ESPOSENDE,MAR,true
030612,03,06,12,ESPOSENDE,MARINHAS,true
030613,03,06,13,ESPOSENDE,PALMEIRA DE FARO,true
030614,03,06,14,ESPOSENDE,RIO TINTO,true
030615,03,06,15,ESPOSENDE,VILA CHÃ,false
030616,03,06,16,ESPOSENDE,APULIA E FÃO,false
030617,03,06,17,ESPOSENDE,BELINHO E MAR,false
030618,03,06,18,ESPOSENDE,"ESPOSENDE, MARINHAS E GANDRA",false
030619,03,06,19,ESPOSENDE,FONTE BOA E RIO TINTO,false
030620,03,06,20,ESPOSENDE,PALMEIRA DE FARO E CURVOS,false
030701,03,07,01,FAFE,ABOIM,true
030702,03,07,02,FAFE,AGRELA,true
030703,03,07,03,FAFE,ANTIME,true
030704,03,07,04,FAFE,ARDEGÃO,true
030705,03,07,05,FAFE,ARMIL,false
030706,03,07,06,FAFE,ARNOZELA,true
030707,03,07,07,FAFE,CEPÃES,true
030708,03,07,08,FAFE,ESTORÃOS,false
030709,03,07,09,FAFE,FAFE,false
030710,03,07,10,FAFE,FAREJA,true
030711,03,07,11,FAFE,FELGUEIRAS,true
030712,03,07,12,FAFE,FORNELOS,false
030713,03,07,13,FAFE,FREITAS,true
030714,03,07,14,FAFE,GOLÃES,false
030715,03,07,15,FAFE,GONTIM,true
030716,03,07,16,FAFE,MEDELO,false
030717,03,07,17,FAFE,MONTE,true
030718,03,07,18,FAFE,MOREIRA DO REI,true
030719,03,07,19,FAFE,PASSOS,false
030720,03,07,20,FAFE,PEDRAIDO,true
030721,03,07,21,FAFE,QUEIMADELA,true
030722,03,07,22,FAFE,QUINCHÃES,false
030723,03,07,23,FAFE,REGADAS,false
030724,03,07,24,FAFE,REVELHE,false
030725,03,07,25,FAFE,RIBEIROS,false
030726,03,07,26,FAFE,ARÕES (SANTA CRISTINA),false
030727,03,07,27,FAFE,SILVARES (SÃO CLEMENTE),true
030728,03,07,28,FAFE,S. GENS,false
030729,03,07,29,FAFE,SILVARES (S. MARTINHO),false
030730,03,07,30,FAFE,ARÕES (S. ROMÃO),false
030731,03,07,31,FAFE,SEIDÕES,true
030732,03,07,32,FAFE,SERAFÃO,true
030733,03,07,33,FAFE,TRAVASSOS,false
030734,03,07,34,FAFE,VARZEA COVA,true
030735,03,07,35,FAFE,VILA COVA,true
030736,03,07,36,FAFE,VINHOS,false
030737,03,07,37,FAFE,"ABOIM, FELGUEIRAS, GONTIM E PEDRAIDO",false
030738,03,07,38,FAFE,AGRELA E SERAFÃO,false
030739,03,07,39,FAFE,ANTIME E SILVARES (SÃO CLEMENTE),false
030740,03,07,40,FAFE,"ARDEGÃO, ARNOZELA E SEIDÕES",false
030741,03,07,41,FAFE,CEPÃES E FAREJA,false
030742,03,07,42,FAFE,FREITAS E VILA COVA,false
030743,03,07,43,FAFE,MONTE E QUEIMADELA,false
030744,03,07,44,FAFE,MOREIRA DO REI E VARZEA COVA,false
030801,03,08,01,GUIMARÃES,ALDÃO,false
030802,03,08,02,GUIMARÃES,AROSA,true
030803,03,08,03,GUIMARÃES,ATÃES,true
030804,03,08,04,GUIMARÃES,AZUREM,false
030805,03,08,05,GUIMARÃES,BALAZAR,true
030806,03,08,06,GUIMARÃES,BARCO,false
030807,03,08,07,GUIMARÃES,BRITO,false
030808,03,08,08,GUIMARÃES,CALDELAS,false
030809,03,08,09,GUIMARÃES,CALVOS,true
030810,03,08,10,GUIMARÃES,CASTELÕES,true
030811,03,08,11,GUIMARÃES,CONDE,true
030812,03,08,12,GUIMARÃES,COSTA,false
030813,03,08,13,GUIMARÃES,CREIXOMIL,false
030814,03,08,14,GUIMARÃES,DONIM,true
030815,03,08,15,GUIMARÃES,FERMENTÕES,false
030816,03,08,16,GUIMARÃES,FIGUEIREDO,true
030817,03,08,17,GUIMARÃES,GANDARELA,true
030818,03,08,18,GUIMARÃES,GEMEOS,true
030819,03,08,19,GUIMARÃES,GOMINHÃES,true
030820,03,08,20,GUIMARÃES,GONÇA,false
030821,03,08,21,GUIMARÃES,GONDAR,false
030822,03,08,22,GUIMARÃES,GONDOMAR,true
030823,03,08,23,GUIMARÃES,GUARDIZELA,false
030824,03,08,24,GUIMARÃES,INFANTAS,false
030825,03,08,25,GUIMARÃES,INFIAS,true
030826,03,08,26,GUIMARÃES,LEITÕES,true
030827,03,08,27,GUIMARÃES,LONGOS,false
030828,03,08,28,GUIMARÃES,LORDELO,false
030829,03,08,29,GUIMARÃES,MASCOTELOS,true
030830,03,08,30,GUIMARÃES,MESÃO FRIO,false
030831,03,08,31,GUIMARÃES,MOREIRA DE CONEGOS,false
030832,03,08,32,GUIMARÃES,NESPEREIRA,false
030833,03,08,33,GUIMARÃES,OLEIROS,true
030834,03,08,34,GUIMARÃES,GUIMARÃES (OLIVEIRA DO CASTELO),true
030835,03,08,35,GUIMARÃES,PENCELO,false
030836,03,08,36,GUIMARÃES,PINHEIRO,false
030837,03,08,37,GUIMARÃES,POLVOREIRA,false
030838,03,08,38,GUIMARÃES,PONTE,false
030839,03,08,39,GUIMARÃES,RENDUFE,true
030840,03,08,40,GUIMARÃES,RONFE,false
030841,03,08,41,GUIMARÃES,BRITEIROS (SALVADOR),true
030842,03,08,42,GUIMARÃES,PRAZINS (SANTA EUFEMIA),false
030843,03,08,43,GUIMARÃES,BRITEIROS (SANTA LEOCADIA),true
030844,03,08,44,GUIMARÃES,AIRÃO (SANTA MARIA),true
030845,03,08,45,GUIMARÃES,SOUTO (SANTA MARIA),true
030846,03,08,46,GUIMARÃES,CANDOSO (SANTIAGO),true
030847,03,08,47,GUIMARÃES,BRITEIROS (SANTO ESTEVÃO),true
030848,03,08,48,GUIMARÃES,PRAZINS (SANTO TIRSO),true
030849,03,08,49,GUIMARÃES,SANDE (SÃO CLEMENTE),true
030850,03,08,50,GUIMARÃES,SELHO (S. CRISTOVÃO),false
030851,03,08,51,GUIMARÃES,SÃO FAUSTINO,true
030852,03,08,52,GUIMARÃES,CALDAS DE VIZELA (S. JOÃO),true
030853,03,08,53,GUIMARÃES,AIRÃO (SÃO JOÃO BAPTISTA),true
030854,03,08,54,GUIMARÃES,SELHO (S. JORGE),false
030855,03,08,55,GUIMARÃES,SANDE (SÃO LOURENÇO),true
030856,03,08,56,GUIMARÃES,SELHO (SÃO LOURENÇO),true
030857,03,08,57,GUIMARÃES,CANDOSO (S. MARTINHO),false
030858,03,08,58,GUIMARÃES,SANDE (S. MARTINHO),false
030859,03,08,59,GUIMARÃES,CALDAS DE VIZELA (S. MIGUEL),true
030860,03,08,60,GUIMARÃES,GUIMARÃES (SÃO PAIO),true
030861,03,08,61,GUIMARÃES,VIZELA (S. PAIO),true
030862,03,08,62,GUIMARÃES,SOUTO (SÃO SALVADOR),true
030863,03,08,63,GUIMARÃES,GUIMARÃES (SÃO SEBASTIÃO),true
030864,03,08,64,GUIMARÃES,ABAÇÃO (SÃO TOME),true
030865,03,08,65,GUIMARÃES,S. TORCATO,false
030866,03,08,66,GUIMARÃES,SERZEDELO,false
030867,03,08,67,GUIMARÃES,SERZEDO,true
030868,03,08,68,GUIMARÃES,SILVARES,false
030869,03,08,69,GUIMARÃES,TABUADELO,true
030870,03,08,70,GUIMARÃES,TAGILDE,true
030871,03,08,71,GUIMARÃES,URGEZES,false
030872,03,08,72,GUIMARÃES,VERMIL,true
030873,03,08,73,GUIMARÃES,SANDE (VILA NOVA),true
030874,03,08,74,GUIMARÃES,CORVITE,true
030875,03,08,75,GUIMARÃES,ABAÇÃO E GEMEOS,false
030876,03,08,76,GUIMARÃES,"AIRÃO SANTA MARIA, AIRÃO SÃO JOÃO E VERMIL",false
030877,03,08,77,GUIMARÃES,AROSA E CASTELÕES,false
030878,03,08,78,GUIMARÃES,ATÃES E RENDUFE,false
030879,03,08,79,GUIMARÃES,BRITEIROS SANTO ESTEVÃO E DONIM,false
030880,03,08,80,GUIMARÃES,BRITEIROS SÃO SALVADOR E BRITEIROS SANTA LEOCADIA,false
030881,03,08,81,GUIMARÃES,CANDOSO SÃO TIAGO E MASCOTELOS,false
030882,03,08,82,GUIMARÃES,CONDE E GANDARELA,false
030883,03,08,83,GUIMARÃES,"LEITÕES, OLEIROS E FIGUEIREDO",false
030884,03,08,84,GUIMARÃES,"OLIVEIRA, SÃO PAIO E SÃO SEBASTIÃO",false
030885,03,08,85,GUIMARÃES,PRAZINS SANTO TIRSO E CORVITE,false
030886,03,08,86,GUIMARÃES,SANDE SÃO LOURENÇO E BALAZAR,false
030887,03,08,87,GUIMARÃES,SANDE VILA NOVA E SANDE SÃO CLEMENTE,false
030888,03,08,88,GUIMARÃES,SELHO SÃO LOURENÇO E GOMINHÃES,false
030889,03,08,89,GUIMARÃES,SERZEDO E CALVOS,false
030890,03,08,90,GUIMARÃES,"SOUTO SANTA MARIA, SOUTO SÃO SALVADOR E GONDOMAR",false
030891,03,08,91,GUIMARÃES,TABUADELO E SÃO FAUSTINO,false
030901,03,09,01,POVOA DE LANHOSO,AGUAS SANTAS,true
030902,03,09,02,POVOA DE LANHOSO,AJUDE,true
030903,03,09,03,POVOA DE LANHOSO,BRUNHAIS,true
030904,03,09,04,POVOA DE LANHOSO,CALVOS,true
030905,03,09,05,POVOA DE LANHOSO,CAMPOS,true
030906,03,09,06,POVOA DE LANHOSO,COVELAS,false
030907,03,09,07,POVOA DE LANHOSO,ESPERANÇA,true
030908,03,09,08,POVOA DE LANHOSO,FERREIROS,false
030909,03,09,09,POVOA DE LANHOSO,FONTE ARCADA,true
030910,03,09,10,POVOA DE LANHOSO,FRADES,true
030911,03,09,11,POVOA DE LANHOSO,FRIANDE,true
030912,03,09,12,POVOA DE LANHOSO,GALEGOS,false
030913,03,09,13,POVOA DE LANHOSO,GARFE,false
030914,03,09,14,POVOA DE LANHOSO,GERAZ DO MINHO,false
030915,03,09,15,POVOA DE LANHOSO,LANHOSO,false
030916,03,09,16,POVOA DE LANHOSO,LOUREDO,true
030917,03,09,17,POVOA DE LANHOSO,MONSUL,false
030918,03,09,18,POVOA DE LANHOSO,MOURE,true
030919,03,09,19,POVOA DE LANHOSO,POVOA DE LANHOSO (N. SENHORA DO AMPARO),false
030920,03,09,20,POVOA DE LANHOSO,OLIVEIRA,true
030921,03,09,21,POVOA DE LANHOSO,RENDUFINHO,false
030922,03,09,22,POVOA DE LANHOSO,SANTO EMILIÃO,false
030923,03,09,23,POVOA DE LANHOSO,S. JOÃO DE REI,false
030924,03,09,24,POVOA DE LANHOSO,SERZEDELO,false
030925,03,09,25,POVOA DE LANHOSO,SOBRADELO DA GOMA,false
030926,03,09,26,POVOA DE LANHOSO,TAIDE,false
030927,03,09,27,POVOA DE LANHOSO,TRAVASSOS,false
030928,03,09,28,POVOA DE LANHOSO,VERIM,true
030929,03,09,29,POVOA DE LANHOSO,VILELA,false
030930,03,09,30,POVOA DE LANHOSO,AGUAS SANTAS E MOURE,false
030931,03,09,31,POVOA DE LANHOSO,CALVOS E FRADES,false
030932,03,09,32,POVOA DE LANHOSO,CAMPOS E LOUREDO,false
030933,03,09,33,POVOA DE LANHOSO,ESPERANÇA E BRUNHAIS,false
030934,03,09,34,POVOA DE LANHOSO,FONTE ARCADA E OLIVEIRA,false
030935,03,09,35,POVOA DE LANHOSO,"VERIM, FRIANDE E AJUDE",false
031001,03,10,01,TERRAS DE BOURO,BALANÇA,false
031002,03,10,02,TERRAS DE BOURO,BRUFE,true
031003,03,10,03,TERRAS DE BOURO,CAMPO DO GERES,false
031004,03,10,04,TERRAS DE BOURO,CARVALHEIRA,false
031005,03,10,05,TERRAS DE BOURO,CHAMOIM,true
031006,03,10,06,TERRAS DE BOURO,CHORENSE,true
031007,03,10,07,TERRAS DE BOURO,CIBÕES,true
031008,03,10,08,TERRAS DE BOURO,COVIDE,false
031009,03,10,09,TERRAS DE BOURO,GONDORIZ,false
031010,03,10,10,TERRAS DE BOURO,MOIMENTA,false
031011,03,10,11,TERRAS DE BOURO,MONTE,true
031012,03,10,12,TERRAS DE BOURO,RIBEIRA,false
031013,03,10,13,TERRAS DE BOURO,RIO CALDO,false
031014,03,10,14,TERRAS DE BOURO,SOUTO,false
031015,03,10,15,TERRAS DE BOURO,VALDOSENDE,false
031016,03,10,16,TERRAS DE BOURO,VILAR,true
031017,03,10,17,TERRAS DE BOURO,VILAR DA VEIGA,false
031018,03,10,18,TERRAS DE BOURO,CHAMOIM E VILAR,false
031019,03,10,19,TERRAS DE BOURO,CHORENSE E MONTE,false
031020,03,10,20,TERRAS DE BOURO,CIBÕES E BRUFE,false
031101,03,11,01,VIEIRA DO MINHO,ANISSO,true
031102,03,11,02,VIEIRA DO MINHO,ANJOS,true
031103,03,11,03,VIEIRA DO MINHO,CAMPOS,true
031104,03,11,04,VIEIRA DO MINHO,CANIÇADA,true
031105,03,11,05,VIEIRA DO MINHO,CANTELÃES,false
031106,03,11,06,VIEIRA DO MINHO,COVA,true
031107,03,11,07,VIEIRA DO MINHO,EIRA VEDRA,false
031108,03,11,08,VIEIRA DO MINHO,GUILHOFREI,false
031109,03,11,09,VIEIRA DO MINHO,LOUREDO,false
031110,03,11,10,VIEIRA DO MINHO,MOSTEIRO,false
031111,03,11,11,VIEIRA DO MINHO,PARADA DO BOURO,false
031112,03,11,12,VIEIRA DO MINHO,PINHEIRO,false
031113,03,11,13,VIEIRA DO MINHO,ROSSAS,false
031114,03,11,14,VIEIRA DO MINHO,RUIVÃES,true
031115,03,11,15,VIEIRA DO MINHO,SALAMONDE,false
031116,03,11,16,VIEIRA DO MINHO,SOENGAS,true
031117,03,11,17,VIEIRA DO MINHO,SOUTELO,true
031118,03,11,18,VIEIRA DO MINHO,TABUAÇAS,false
031119,03,11,19,VIEIRA DO MINHO,VENTOSA,true
031120,03,11,20,VIEIRA DO MINHO,VIEIRA DO MINHO,false
031121,03,11,21,VIEIRA DO MINHO,VILAR DO CHÃO,true
031122,03,11,22,VIEIRA DO MINHO,ANISSO E SOUTELO,false
031123,03,11,23,VIEIRA DO MINHO,ANJOS E VILAR DO CHÃO,false
031124,03,11,24,VIEIRA DO MINHO,CANIÇADA E SOENGAS,false
031125,03,11,25,VIEIRA DO MINHO,RUIVÃES E CAMPOS,false
031126,03,11,26,VIEIRA DO MINHO,VENTOSA E COVA,false
031201,03,12,01,VILA NOVA DE FAMALICÃO,ABADE DE VERMOIM,true
031202,03,12,02,VILA NOVA DE FAMALICÃO,ANTAS,true
031203,03,12,03,VILA NOVA DE FAMALICÃO,AVIDOS,true
031204,03,12,04,VILA NOVA DE FAMALICÃO,BAIRRO,false
031205,03,12,05,VILA NOVA DE FAMALICÃO,BENTE,true
031206,03,12,06,VILA NOVA DE FAMALICÃO,BRUFE,false
031207,03,12,07,VILA NOVA DE FAMALICÃO,CABEÇUDOS,true
031208,03,12,08,VILA NOVA DE FAMALICÃO,CALENDARIO,true
031209,03,12,09,VILA NOVA DE FAMALICÃO,CARREIRA,true
031210,03,12,10,VILA NOVA DE FAMALICÃO,CASTELÕES,false
031211,03,12,11,VILA NOVA DE FAMALICÃO,CAVALÕES,true
031212,03,12,12,VILA NOVA DE FAMALICÃO,CRUZ,false
031213,03,12,13,VILA NOVA DE FAMALICÃO,DELÃES,false
031214,03,12,14,VILA NOVA DE FAMALICÃO,ESMERIZ,true
031215,03,12,15,VILA NOVA DE FAMALICÃO,FRADELOS,false
031216,03,12,16,VILA NOVA DE FAMALICÃO,GAVIÃO,false
031217,03,12,17,VILA NOVA DE FAMALICÃO,GONDIFELOS,true
031218,03,12,18,VILA NOVA DE FAMALICÃO,JESUFREI,true
031219,03,12,19,VILA NOVA DE FAMALICÃO,JOANE,false
031220,03,12,20,VILA NOVA DE FAMALICÃO,LAGOA,true
031221,03,12,21,VILA NOVA DE FAMALICÃO,LANDIM,false
031222,03,12,22,VILA NOVA DE FAMALICÃO,LEMENHE,true
031223,03,12,23,VILA NOVA DE FAMALICÃO,LOURO,false
031224,03,12,24,VILA NOVA DE FAMALICÃO,LOUSADO,false
031225,03,12,25,VILA NOVA DE FAMALICÃO,MOGEGE,false
031226,03,12,26,VILA NOVA DE FAMALICÃO,MOUQUIM,true
031227,03,12,27,VILA NOVA DE FAMALICÃO,NINE,false
031228,03,12,28,VILA NOVA DE FAMALICÃO,NOVAIS,true
031229,03,12,29,VILA NOVA DE FAMALICÃO,OUTIZ,true
031230,03,12,30,VILA NOVA DE FAMALICÃO,PEDOME,false
031231,03,12,31,VILA NOVA DE FAMALICÃO,PORTELA,true
031232,03,12,32,VILA NOVA DE FAMALICÃO,POUSADA DE SARAMAGOS,false
031233,03,12,33,VILA NOVA DE FAMALICÃO,REQUIÃO,false
031234,03,12,34,VILA NOVA DE FAMALICÃO,RIBA DE AVE,false
031235,03,12,35,VILA NOVA DE FAMALICÃO,RIBEIRÃO,false
031236,03,12,36,VILA NOVA DE FAMALICÃO,RUIVÃES,true
031237,03,12,37,VILA NOVA DE FAMALICÃO,ARNOSO (SANTA EULALIA),true
031238,03,12,38,VILA NOVA DE FAMALICÃO,ARNOSO (SANTA MARIA),true
031239,03,12,39,VILA NOVA DE FAMALICÃO,OLIVEIRA (SANTA MARIA),false
031240,03,12,40,VILA NOVA DE FAMALICÃO,VALE (SÃO COSME),true
031241,03,12,41,VILA NOVA DE FAMALICÃO,VALE (S. MARTINHO),false
031242,03,12,42,VILA NOVA DE FAMALICÃO,OLIVEIRA (S. MATEUS),false
031243,03,12,43,VILA NOVA DE FAMALICÃO,SEIDE (SÃO MIGUEL),true
031244,03,12,44,VILA NOVA DE FAMALICÃO,SEIDE (SÃO PAIO),true
031245,03,12,45,VILA NOVA DE FAMALICÃO,SEZURES,true
031246,03,12,46,VILA NOVA DE FAMALICÃO,TELHADO,true
031247,03,12,47,VILA NOVA DE FAMALICÃO,VERMOIM,false
031248,03,12,48,VILA NOVA DE FAMALICÃO,VILA NOVA DE FAMALICÃO,true
031249,03,12,49,VILA NOVA DE FAMALICÃO,VILARINHO DAS CAMBAS,false
031250,03,12,50,VILA NOVA DE FAMALICÃO,ANTAS E ABADE DE VERMOIM,false
031251,03,12,51,VILA NOVA DE FAMALICÃO,ARNOSO (SANTA MARIA E SANTA EULALIA) E SEZURES,false
031252,03,12,52,VILA NOVA DE FAMALICÃO,AVIDOS E LAGOA,false
031253,03,12,53,VILA NOVA DE FAMALICÃO,CARREIRA E BENTE,false
031254,03,12,54,VILA NOVA DE FAMALICÃO,ESMERIZ E CABEÇUDOS,false
031255,03,12,55,VILA NOVA DE FAMALICÃO,"GONDIFELOS, CAVALÕES E OUTIZ",false
031256,03,12,56,VILA NOVA DE FAMALICÃO,"LEMENHE, MOUQUIM E JESUFREI",false
031257,03,12,57,VILA NOVA DE FAMALICÃO,RUIVÃES E NOVAIS,false
031258,03,12,58,VILA NOVA DE FAMALICÃO,SEIDE,false
031259,03,12,59,VILA NOVA DE FAMALICÃO,"VALE (SÃO COSME), TELHADO E PORTELA",false
031260,03,12,60,VILA NOVA DE FAMALICÃO,VILA NOVA DE FAMALICÃO E CALENDARIO,false
031301,03,13,01,VILA VERDE,ABOIM DA NOBREGA,true
031302,03,13,02,VILA VERDE,ARCOZELO,true
031303,03,13,03,VILA VERDE,ATÃES,true
031304,03,13,04,VILA VERDE,ATIÃES,false
031305,03,13,05,VILA VERDE,AZÕES,true
031306,03,13,06,VILA VERDE,BARBUDO,true
031307,03,13,07,VILA VERDE,BARROS,true
031308,03,13,08,VILA VERDE,CABANELAS,false
031309,03,13,09,VILA VERDE,CERVÃES,false
031310,03,13,10,VILA VERDE,CODECEDA,true
031311,03,13,11,VILA VERDE,COUCIEIRO,false
031312,03,13,12,VILA VERDE,COVAS,true
031313,03,13,13,VILA VERDE,DOSSÃOS,false
031314,03,13,14,VILA VERDE,DUAS IGREJAS,true
031315,03,13,15,VILA VERDE,ESQUEIROS,true
031316,03,13,16,VILA VERDE,FREIRIZ,false
031317,03,13,17,VILA VERDE,GEME,false
031318,03,13,18,VILA VERDE,GOÃES,true
031319,03,13,19,VILA VERDE,GODINHAÇOS,true
031320,03,13,20,VILA VERDE,GOMIDE,true
031321,03,13,21,VILA VERDE,GONDIÃES,true
031322,03,13,22,VILA VERDE,GONDOMAR,true
031323,03,13,23,VILA VERDE,LAGE,false
031324,03,13,24,VILA VERDE,LANHAS,false
031325,03,13,25,VILA VERDE,LOUREIRA,false
031326,03,13,26,VILA VERDE,MARRANCOS,true
031327,03,13,27,VILA VERDE,MOS,true
031328,03,13,28,VILA VERDE,MOURE,false
031329,03,13,29,VILA VERDE,NEVOGILDE,true
031330,03,13,30,VILA VERDE,OLEIROS,false
031331,03,13,31,VILA VERDE,PARADA DE GATIM,false
031332,03,13,32,VILA VERDE,PASSO,true
031333,03,13,33,VILA VERDE,PEDREGAIS,true
031334,03,13,34,VILA VERDE,PENASCAIS,true
031335,03,13,35,VILA VERDE,PICO,false
031336,03,13,36,VILA VERDE,PICO DE REGALADOS,true
031337,03,13,37,VILA VERDE,PONTE,false
031338,03,13,38,VILA VERDE,PORTELA DAS CABRAS,true
031339,03,13,39,VILA VERDE,RIO MAU,true
031340,03,13,40,VILA VERDE,SABARIZ,false
031341,03,13,41,VILA VERDE,SANDE,true
031342,03,13,42,VILA VERDE,VILA DE PRADO,false
031343,03,13,43,VILA VERDE,ORIZ (SANTA MARINHA),true
031344,03,13,44,VILA VERDE,CARREIRAS (SANTIAGO),true
031345,03,13,45,VILA VERDE,ESCARIZ (SÃO MAMEDE),true
031346,03,13,46,VILA VERDE,ESCARIZ (SÃO MARTINHO),true
031347,03,13,47,VILA VERDE,VALBOM (SÃO MARTINHO),true
031348,03,13,48,VILA VERDE,CARREIRAS (SÃO MIGUEL),true
031349,03,13,49,VILA VERDE,ORIZ (SÃO MIGUEL),true
031350,03,13,50,VILA VERDE,PRADO (S. MIGUEL),false
031351,03,13,51,VILA VERDE,VALBOM (SÃO PEDRO),true
031352,03,13,52,VILA VERDE,SOUTELO,false
031353,03,13,53,VILA VERDE,TRAVASSOS,true
031354,03,13,54,VILA VERDE,TURIZ,false
031355,03,13,55,VILA VERDE,VALDREU,false
031356,03,13,56,VILA VERDE,VALÕES,true
031357,03,13,57,VILA VERDE,VILA VERDE,true
031358,03,13,58,VILA VERDE,VILARINHO,true
031359,03,13,59,VILA VERDE,ABOIM DA NOBREGA E GONDOMAR,false
031360,03,13,60,VILA VERDE,RIBEIRA DO NEIVA,false
031361,03,13,61,VILA VERDE,CARREIRAS (SÃO MIGUEL) E CARREIRAS (SANTIAGO),false
031362,03,13,62,VILA VERDE,ESCARIZ (SÃO MAMEDE) E ESCARIZ (SÃO MARTINHO),false
031363,03,13,63,VILA VERDE,"ESQUEIROS, NEVOGILDE E TRAVASSOS",false
031364,03,13,64,VILA VERDE,MARRANCOS E ARCOZELO,false
031365,03,13,65,VILA VERDE,ORIZ (SANTA MARINHA) E ORIZ (SÃO MIGUEL),false
031366,03,13,66,VILA VERDE,"PICO DE REGALADOS, GONDIÃES E MOS",false
031367,03,13,67,VILA VERDE,"SANDE, VILARINHO, BARROS E GOMIDE",false
031368,03,13,68,VILA VERDE,"VALBOM (SÃO PEDRO), PASSO E VALBOM (SÃO MARTINHO)",false
031369,03,13,69,VILA VERDE,VADE,false
031370,03,13,70,VILA VERDE,VILA VERDE E BARBUDO,false
031401,03,14,01,VIZELA,INFIAS,false
031402,03,14,02,VIZELA,SANTA EULALIA,false
031403,03,14,03,VIZELA,SANTO ADRIÃO DE VIZELA,false
031404,03,14,04,VIZELA,CALDAS DE VIZELA (SÃO JOÃO),true
031405,03,14,05,VIZELA,CALDAS DE VIZELA (SÃO MIGUEL),true
031406,03,14,06,VIZELA,VIZELA (SÃO PAIO),true
031407,03,14,07,VIZELA,TAGILDE,true
031408,03,14,08,VIZELA,CALDAS DE VIZELA (SÃO MIGUEL E SÃO JOÃO),false
031409,03,14,09,VIZELA,TAGILDE E VIZELA (SÃO PAIO),false
040101,04,01,01,ALFANDEGA DA FE,AGROBOM,true
040102,04,01,02,ALFANDEGA DA FE,ALFANDEGA DA FE,false
040103,04,01,03,ALFANDEGA DA FE,CEREJAIS,false
040104,04,01,04,ALFANDEGA DA FE,EUCISIA,true
040105,04,01,05,ALFANDEGA DA FE,FERRADOSA,true
040106,04,01,06,ALFANDEGA DA FE,GEBELIM,true
040107,04,01,07,ALFANDEGA DA FE,GOUVEIA,true
040108,04,01,08,ALFANDEGA DA FE,PARADA,true
040109,04,01,09,ALFANDEGA DA FE,POMBAL,true
040110,04,01,10,ALFANDEGA DA FE,SALDONHA,true
040111,04,01,11,ALFANDEGA DA FE,SAMBADE,false
040112,04,01,12,ALFANDEGA DA FE,SENDIM DA RIBEIRA,true
040113,04,01,13,ALFANDEGA DA FE,SENDIM DA SERRA,true
040114,04,01,14,ALFANDEGA DA FE,SOEIMA,true
040115,04,01,15,ALFANDEGA DA FE,VALE PEREIRO,true
040116,04,01,16,ALFANDEGA DA FE,VALES,true
040117,04,01,17,ALFANDEGA DA FE,VALVERDE,true
040118,04,01,18,ALFANDEGA DA FE,VILAR CHÃO,false
040119,04,01,19,ALFANDEGA DA FE,VILARELHOS,false
040120,04,01,20,ALFANDEGA DA FE,VILARES DE VILARIÇA,false
040121,04,01,21,ALFANDEGA DA FE,"AGROBOM, SALDONHA E VALE PEREIRO",false
040122,04,01,22,ALFANDEGA DA FE,"EUCISIA, GOUVEIA E VALVERDE",false
040123,04,01,23,ALFANDEGA DA FE,FERRADOSA E SENDIM DA SERRA,false
040124,04,01,24,ALFANDEGA DA FE,GEBELIM E SOEIMA,false
040125,04,01,25,ALFANDEGA DA FE,PARADA E SENDIM DA RIBEIRA,false
040126,04,01,26,ALFANDEGA DA FE,POMBAL E VALES,false
040201,04,02,01,BRAGANÇA,ALFAIÃO,false
040202,04,02,02,BRAGANÇA,AVELEDA,true
040203,04,02,03,BRAGANÇA,BABE,false
040204,04,02,04,BRAGANÇA,BAÇAL,false
040205,04,02,05,BRAGANÇA,CALVELHE,true
040206,04,02,06,BRAGANÇA,CARRAGOSA,false
040207,04,02,07,BRAGANÇA,CARRAZEDO,true
040208,04,02,08,BRAGANÇA,CASTRELOS,true
040209,04,02,09,BRAGANÇA,CASTRO DE AVELÃS,false
040210,04,02,10,BRAGANÇA,COELHOSO,false
040211,04,02,11,BRAGANÇA,DEILÃO,true
040212,04,02,12,BRAGANÇA,DONAI,false
040213,04,02,13,BRAGANÇA,ESPINHOSELA,false
040214,04,02,14,BRAGANÇA,FAILDE,true
040215,04,02,15,BRAGANÇA,FRANÇA,false
040216,04,02,16,BRAGANÇA,GIMONDE,false
040217,04,02,17,BRAGANÇA,GONDESENDE,false
040218,04,02,18,BRAGANÇA,GOSTEI,false
040219,04,02,19,BRAGANÇA,GRIJO DE PARADA,false
040220,04,02,20,BRAGANÇA,IZEDA,true
040221,04,02,21,BRAGANÇA,MACEDO DO MATO,false
040222,04,02,22,BRAGANÇA,MEIXEDO,true
040223,04,02,23,BRAGANÇA,MILHÃO,true
040224,04,02,24,BRAGANÇA,MOS,false
040225,04,02,25,BRAGANÇA,NOGUEIRA,false
040226,04,02,26,BRAGANÇA,OUTEIRO,false
040227,04,02,27,BRAGANÇA,PARADA,true
040228,04,02,28,BRAGANÇA,PARADINHA NOVA,true
040229,04,02,29,BRAGANÇA,PARAMIO,false
040230,04,02,30,BRAGANÇA,PINELA,false
040231,04,02,31,BRAGANÇA,POMBARES,true
040232,04,02,32,BRAGANÇA,QUINTANILHA,false
040233,04,02,33,BRAGANÇA,QUINTELA DE LAMPAÇAS,false
040234,04,02,34,BRAGANÇA,RABAL,false
040235,04,02,35,BRAGANÇA,REBORDAINHOS,true
040236,04,02,36,BRAGANÇA,REBORDÃOS,false
040237,04,02,37,BRAGANÇA,RIO FRIO,true
040238,04,02,38,BRAGANÇA,RIO DE ONOR,true
040239,04,02,39,BRAGANÇA,SALSAS,false
040240,04,02,40,BRAGANÇA,SAMIL,false
040241,04,02,41,BRAGANÇA,SANTA COMBA DE ROSSAS,false
040242,04,02,42,BRAGANÇA,BRAGANÇA (SANTA MARIA),true
040243,04,02,43,BRAGANÇA,SÃO JULIÃO DE PALACIOS,true
040244,04,02,44,BRAGANÇA,S. PEDRO DE SERRACENOS,false
040245,04,02,45,BRAGANÇA,BRAGANÇA (SE),true
040246,04,02,46,BRAGANÇA,SENDAS,false
040247,04,02,47,BRAGANÇA,SERAPICOS,false
040248,04,02,48,BRAGANÇA,SORTES,false
040249,04,02,49,BRAGANÇA,ZOIO,false
040250,04,02,50,BRAGANÇA,AVELEDA E RIO DE ONOR,false
040251,04,02,51,BRAGANÇA,CASTRELOS E CARRAZEDO,false
040252,04,02,52,BRAGANÇA,"IZEDA, CALVELHE E PARADINHA NOVA",false
040253,04,02,53,BRAGANÇA,PARADA E FAILDE,false
040254,04,02,54,BRAGANÇA,REBORDAINHOS E POMBARES,false
040255,04,02,55,BRAGANÇA,RIO FRIO E MILHÃO,false
040256,04,02,56,BRAGANÇA,SÃO JULIÃO DE PALACIOS E DEILÃO,false
040257,04,02,57,BRAGANÇA,"SE, SANTA MARIA E MEIXEDO",false
040301,04,03,01,CARRAZEDA DE ANSIÃES,AMEDO,true
040302,04,03,02,CARRAZEDA DE ANSIÃES,BEIRA GRANDE,true
040303,04,03,03,CARRAZEDA DE ANSIÃES,BELVER,true
040304,04,03,04,CARRAZEDA DE ANSIÃES,CARRAZEDA DE ANSIÃES,false
040305,04,03,05,CARRAZEDA DE ANSIÃES,CASTANHEIRO,true
040306,04,03,06,CARRAZEDA DE ANSIÃES,FONTE LONGA,false
040307,04,03,07,CARRAZEDA DE ANSIÃES,LAVANDEIRA,true
040308,04,03,08,CARRAZEDA DE ANSIÃES,LINHARES,false
040309,04,03,09,CARRAZEDA DE ANSIÃES,MARZAGÃO,false
040310,04,03,10,CARRAZEDA DE ANSIÃES,MOGO DE MALTA,true
040311,04,03,11,CARRAZEDA DE ANSIÃES,PARAMBOS,false
040312,04,03,12,CARRAZEDA DE ANSIÃES,PEREIROS,false
040313,04,03,13,CARRAZEDA DE ANSIÃES,PINHAL DO NORTE,false
040314,04,03,14,CARRAZEDA DE ANSIÃES,POMBAL,false
040315,04,03,15,CARRAZEDA DE ANSIÃES,RIBALONGA,true
040316,04,03,16,CARRAZEDA DE ANSIÃES,SEIXO DE ANSIÃES,false
040317,04,03,17,CARRAZEDA DE ANSIÃES,SELORES,true
040318,04,03,18,CARRAZEDA DE ANSIÃES,VILARINHO DA CASTANHEIRA,false
040319,04,03,19,CARRAZEDA DE ANSIÃES,ZEDES,true
040320,04,03,20,CARRAZEDA DE ANSIÃES,AMEDO E ZEDES,false
040321,04,03,21,CARRAZEDA DE ANSIÃES,BELVER E MOGO DE MALTA,false
040322,04,03,22,CARRAZEDA DE ANSIÃES,CASTANHEIRO DO NORTE E RIBALONGA,false
040323,04,03,23,CARRAZEDA DE ANSIÃES,"LAVANDEIRA, BEIRA GRANDE E SELORES",false
040401,04,04,01,FREIXO DE ESPADA A CINTA,FORNOS,true
040402,04,04,02,FREIXO DE ESPADA A CINTA,FREIXO DE ESPADA A CINTA,true
040403,04,04,03,FREIXO DE ESPADA A CINTA,LAGOAÇA,true
040404,04,04,04,FREIXO DE ESPADA A CINTA,LIGARES,false
040405,04,04,05,FREIXO DE ESPADA A CINTA,MAZOUCO,true
040406,04,04,06,FREIXO DE ESPADA A CINTA,POIARES,false
040407,04,04,07,FREIXO DE ESPADA A CINTA,FREIXO DE ESPADA A CINTA E MAZOUCO,false
040408,04,04,08,FREIXO DE ESPADA A CINTA,LAGOAÇA E FORNOS,false
040501,04,05,01,MACEDO DE CAVALEIROS,ALA,true
040502,04,05,02,MACEDO DE CAVALEIROS,AMENDOEIRA,false
040503,04,05,03,MACEDO DE CAVALEIROS,ARCAS,false
040504,04,05,04,MACEDO DE CAVALEIROS,BAGUEIXE,true
040505,04,05,05,MACEDO DE CAVALEIROS,BORNES,true
040506,04,05,06,MACEDO DE CAVALEIROS,BURGA,true
040507,04,05,07,MACEDO DE CAVALEIROS,CARRAPATAS,false
040508,04,05,08,MACEDO DE CAVALEIROS,CASTELÃOS,true
040509,04,05,09,MACEDO DE CAVALEIROS,CHACIM,false
040510,04,05,10,MACEDO DE CAVALEIROS,CORTIÇOS,false
040511,04,05,11,MACEDO DE CAVALEIROS,CORUJAS,false
040512,04,05,12,MACEDO DE CAVALEIROS,EDROSO,true
040513,04,05,13,MACEDO DE CAVALEIROS,ESPADANEDO,true
040514,04,05,14,MACEDO DE CAVALEIROS,FERREIRA,false
040515,04,05,15,MACEDO DE CAVALEIROS,GRIJO,false
040516,04,05,16,MACEDO DE CAVALEIROS,LAGOA,false
040517,04,05,17,MACEDO DE CAVALEIROS,LAMALONGA,false
040518,04,05,18,MACEDO DE CAVALEIROS,LAMAS,false
040519,04,05,19,MACEDO DE CAVALEIROS,LOMBO,false
040520,04,05,20,MACEDO DE CAVALEIROS,MACEDO DE CAVALEIROS,false
040521,04,05,21,MACEDO DE CAVALEIROS,MORAIS,false
040522,04,05,22,MACEDO DE CAVALEIROS,MURÇOS,true
040523,04,05,23,MACEDO DE CAVALEIROS,OLMOS,false
040524,04,05,24,MACEDO DE CAVALEIROS,PEREDO,false
040525,04,05,25,MACEDO DE CAVALEIROS,PODENCE,true
040526,04,05,26,MACEDO DE CAVALEIROS,SALSELAS,false
040527,04,05,27,MACEDO DE CAVALEIROS,SANTA COMBINHA,true
040528,04,05,28,MACEDO DE CAVALEIROS,SEZULFE,false
040529,04,05,29,MACEDO DE CAVALEIROS,SOUTELO MOURISCO,true
040530,04,05,30,MACEDO DE CAVALEIROS,TALHAS,false
040531,04,05,31,MACEDO DE CAVALEIROS,TALHINHAS,true
040532,04,05,32,MACEDO DE CAVALEIROS,VALE BENFEITO,false
040533,04,05,33,MACEDO DE CAVALEIROS,VALE DA PORCA,false
040534,04,05,34,MACEDO DE CAVALEIROS,VALE DE PRADOS,false
040535,04,05,35,MACEDO DE CAVALEIROS,VILAR DO MONTE,true
040536,04,05,36,MACEDO DE CAVALEIROS,VILARINHO DE AGROCHÃO,false
040537,04,05,37,MACEDO DE CAVALEIROS,VILARINHO DO MONTE,true
040538,04,05,38,MACEDO DE CAVALEIROS,VINHAS,false
040539,04,05,39,MACEDO DE CAVALEIROS,ALA E VILARINHO DO MONTE,false
040540,04,05,40,MACEDO DE CAVALEIROS,BORNES E BURGA,false
040541,04,05,41,MACEDO DE CAVALEIROS,CASTELÃOS E VILAR DO MONTE,false
040542,04,05,42,MACEDO DE CAVALEIROS,"ESPADANEDO, EDROSO, MURÇOS E SOUTELO MOURISCO",false
040543,04,05,43,MACEDO DE CAVALEIROS,PODENCE E SANTA COMBINHA,false
040544,04,05,44,MACEDO DE CAVALEIROS,TALHINHAS E BAGUEIXE,false
040601,04,06,01,MIRANDA DO DOURO,ATENOR,true
040602,04,06,02,MIRANDA DO DOURO,CICOURO,true
040603,04,06,03,MIRANDA DO DOURO,CONSTANTIM,true
040604,04,06,04,MIRANDA DO DOURO,DUAS IGREJAS,false
040605,04,06,05,MIRANDA DO DOURO,GENISIO,false
040606,04,06,06,MIRANDA DO DOURO,IFANES,true
040607,04,06,07,MIRANDA DO DOURO,MALHADAS,false
040608,04,06,08,MIRANDA DO DOURO,MIRANDA DO DOURO,false
040609,04,06,09,MIRANDA DO DOURO,PALAÇOULO,false
040610,04,06,10,MIRANDA DO DOURO,PARADELA,true
040611,04,06,11,MIRANDA DO DOURO,PICOTE,false
040612,04,06,12,MIRANDA DO DOURO,POVOA,false
040613,04,06,13,MIRANDA DO DOURO,S. MARTINHO DE ANGUEIRA,false
040614,04,06,14,MIRANDA DO DOURO,SENDIM,true
040615,04,06,15,MIRANDA DO DOURO,SILVA,true
040616,04,06,16,MIRANDA DO DOURO,VILA CHÃ DE BRACIOSA,false
040617,04,06,17,MIRANDA DO DOURO,AGUAS VIVAS,true
040618,04,06,18,MIRANDA DO DOURO,CONSTANTIM E CICOURO,false
040619,04,06,19,MIRANDA DO DOURO,IFANES E PARADELA,false
040620,04,06,20,MIRANDA DO DOURO,SENDIM E ATENOR,false
040621,04,06,21,MIRANDA DO DOURO,SILVA E AGUAS VIVAS,false
040701,04,07,01,MIRANDELA,ABAMBRES,false
040702,04,07,02,MIRANDELA,ABREIRO,false
040703,04,07,03,MIRANDELA,AGUIEIRAS,false
040704,04,07,04,MIRANDELA,ALVITES,false
040705,04,07,05,MIRANDELA,AVANTOS,true
040706,04,07,06,MIRANDELA,AVIDAGOS,true
040707,04,07,07,MIRANDELA,BARCEL,true
040708,04,07,08,MIRANDELA,BOUÇA,false
040709,04,07,09,MIRANDELA,CABANELAS,false
040710,04,07,10,MIRANDELA,CARAVELAS,false
040711,04,07,11,MIRANDELA,CARVALHAIS,false
040712,04,07,12,MIRANDELA,CEDÃES,false
040713,04,07,13,MIRANDELA,COBRO,false
040714,04,07,14,MIRANDELA,FRADIZELA,false
040715,04,07,15,MIRANDELA,FRANCO,true
040716,04,07,16,MIRANDELA,FRECHAS,false
040717,04,07,17,MIRANDELA,FREIXEDA,true
040718,04,07,18,MIRANDELA,LAMAS DE ORELHÃO,false
040719,04,07,19,MIRANDELA,MARMELOS,true
040720,04,07,20,MIRANDELA,MASCARENHAS,false
040721,04,07,21,MIRANDELA,MIRANDELA,false
040722,04,07,22,MIRANDELA,MURIAS,false
040723,04,07,23,MIRANDELA,NAVALHO,true
040724,04,07,24,MIRANDELA,PASSOS,false
040725,04,07,25,MIRANDELA,PEREIRA,true
040726,04,07,26,MIRANDELA,ROMEU,true
040727,04,07,27,MIRANDELA,S. PEDRO VELHO,false
040728,04,07,28,MIRANDELA,S. SALVADOR,false
040729,04,07,29,MIRANDELA,SUÇÃES,false
040730,04,07,30,MIRANDELA,TORRE DE D. CHAMA,false
040731,04,07,31,MIRANDELA,VALE DE ASNES,false
040732,04,07,32,MIRANDELA,VALE DE GOUVINHAS,false
040733,04,07,33,MIRANDELA,VALE DE SALGUEIRO,false
040734,04,07,34,MIRANDELA,VALE DE TELHAS,false
040735,04,07,35,MIRANDELA,VALVERDE,true
040736,04,07,36,MIRANDELA,VILA BOA,true
040737,04,07,37,MIRANDELA,VILA VERDE,true
040738,04,07,38,MIRANDELA,AVANTOS E ROMEU,false
040739,04,07,39,MIRANDELA,"AVIDAGOS, NAVALHO E PEREIRA",false
040740,04,07,40,MIRANDELA,"BARCEL, MARMELOS E VALVERDE DA GESTOSA",false
040741,04,07,41,MIRANDELA,FRANCO E VILA BOA,false
040742,04,07,42,MIRANDELA,FREIXEDA E VILA VERDE,false
040801,04,08,01,MOGADOURO,AZINHOSO,false
040802,04,08,02,MOGADOURO,BEMPOSTA,false
040803,04,08,03,MOGADOURO,BRUÇO,false
040804,04,08,04,MOGADOURO,BRUNHOSO,false
040805,04,08,05,MOGADOURO,BRUNHOZINHO,true
040806,04,08,06,MOGADOURO,CASTANHEIRA,true
040807,04,08,07,MOGADOURO,CASTELO BRANCO,false
040808,04,08,08,MOGADOURO,CASTRO VICENTE,false
040809,04,08,09,MOGADOURO,MEIRINHOS,false
040810,04,08,10,MOGADOURO,MOGADOURO,true
040811,04,08,11,MOGADOURO,PARADELA,false
040812,04,08,12,MOGADOURO,PENAS ROIAS,false
040813,04,08,13,MOGADOURO,PEREDO DA BEMPOSTA,false
040814,04,08,14,MOGADOURO,REMONDES,true
040815,04,08,15,MOGADOURO,SALDANHA,false
040816,04,08,16,MOGADOURO,SANHOANE,true
040817,04,08,17,MOGADOURO,S. MARTINHO DO PESO,false
040818,04,08,18,MOGADOURO,SOUTELO,true
040819,04,08,19,MOGADOURO,TO,false
040820,04,08,20,MOGADOURO,TRAVANCA,false
040821,04,08,21,MOGADOURO,URROS,false
040822,04,08,22,MOGADOURO,VALE DA MADRE,false
040823,04,08,23,MOGADOURO,VALE DE PORCO,true
040824,04,08,24,MOGADOURO,VALVERDE,true
040825,04,08,25,MOGADOURO,VENTOZELO,true
040826,04,08,26,MOGADOURO,VILA DE ALA,false
040827,04,08,27,MOGADOURO,VILAR DE REI,true
040828,04,08,28,MOGADOURO,VILARINHO DOS GALEGOS,true
040829,04,08,29,MOGADOURO,"BRUNHOZINHO, CASTANHEIRA E SANHOANE",false
040830,04,08,30,MOGADOURO,"MOGADOURO, VALVERDE, VALE DE PORCO E VILAR DE REI",false
040831,04,08,31,MOGADOURO,REMONDES E SOUTELO,false
040832,04,08,32,MOGADOURO,VILARINHO DOS GALEGOS E VENTOZELO,false
040901,04,09,01,TORRE DE MONCORVO,AÇOREIRA,false
040902,04,09,02,TORRE DE MONCORVO,ADEGANHA,true
040903,04,09,03,TORRE DE MONCORVO,CABEÇA BOA,false
040904,04,09,04,TORRE DE MONCORVO,CARDANHA,true
040905,04,09,05,TORRE DE MONCORVO,CARVIÇAIS,false
040906,04,09,06,TORRE DE MONCORVO,CASTEDO,false
040907,04,09,07,TORRE DE MONCORVO,FELGAR,true
040908,04,09,08,TORRE DE MONCORVO,FELGUEIRAS,true
040909,04,09,09,TORRE DE MONCORVO,HORTA DA VILARIÇA,false
040910,04,09,10,TORRE DE MONCORVO,LARINHO,false
040911,04,09,11,TORRE DE MONCORVO,LOUSA,false
040912,04,09,12,TORRE DE MONCORVO,MAÇORES,true
040913,04,09,13,TORRE DE MONCORVO,MOS,false
040914,04,09,14,TORRE DE MONCORVO,PEREDO DOS CASTELHANOS,true
040915,04,09,15,TORRE DE MONCORVO,SOUTO DA VELHA,true
040916,04,09,16,TORRE DE MONCORVO,TORRE DE MONCORVO,false
040917,04,09,17,TORRE DE MONCORVO,URROS,true
040918,04,09,18,TORRE DE MONCORVO,ADEGANHA E CARDANHA,false
040919,04,09,19,TORRE DE MONCORVO,FELGAR E SOUTO DA VELHA,false
040920,04,09,20,TORRE DE MONCORVO,FELGUEIRAS E MAÇORES,false
040921,04,09,21,TORRE DE MONCORVO,URROS E PEREDO DOS CASTELHANOS,false
041001,04,10,01,VILA FLOR,ASSARES,true
041002,04,10,02,VILA FLOR,BENLHEVAI,false
041003,04,10,03,VILA FLOR,CANDOSO,true
041004,04,10,04,VILA FLOR,CARVALHO DE EGAS,true
041005,04,10,05,VILA FLOR,FREIXIEL,false
041006,04,10,06,VILA FLOR,LODÕES,true
041007,04,10,07,VILA FLOR,MOURÃO,true
041008,04,10,08,VILA FLOR,NABO,true
041009,04,10,09,VILA FLOR,ROIOS,false
041010,04,10,10,VILA FLOR,SAMÕES,false
041011,04,10,11,VILA FLOR,SAMPAIO,false
041012,04,10,12,VILA FLOR,SANTA COMBA DE VILARIÇA,false
041013,04,10,13,VILA FLOR,SEIXO DE MANHOSES,false
041014,04,10,14,VILA FLOR,TRINDADE,false
041015,04,10,15,VILA FLOR,VALE FRECHOSO,false
041016,04,10,16,VILA FLOR,VALTORNO,true
041017,04,10,17,VILA FLOR,VILA FLOR,true
041018,04,10,18,VILA FLOR,VILARINHO DAS AZENHAS,true
041019,04,10,19,VILA FLOR,VILAS BOAS,true
041020,04,10,20,VILA FLOR,ASSARES E LODÕES,false
041021,04,10,21,VILA FLOR,CANDOSO E CARVALHO DE EGAS,false
041022,04,10,22,VILA FLOR,VALTORNO E MOURÃO,false
041023,04,10,23,VILA FLOR,VILA FLOR E NABO,false
041024,04,10,24,VILA FLOR,VILAS BOAS E VILARINHO DAS AZENHAS,false
041101,04,11,01,VIMIOSO,ALGOSO,true
041102,04,11,02,VIMIOSO,ANGUEIRA,true
041103,04,11,03,VIMIOSO,ARGOZELO,false
041104,04,11,04,VIMIOSO,AVELANOSO,true
041105,04,11,05,VIMIOSO,CAÇARELHOS,true
041106,04,11,06,VIMIOSO,CAMPO DE VIBORAS,true
041107,04,11,07,VIMIOSO,CARÇÃO,false
041108,04,11,08,VIMIOSO,MATELA,false
041109,04,11,09,VIMIOSO,PINELO,false
041110,04,11,10,VIMIOSO,SANTULHÃO,false
041111,04,11,11,VIMIOSO,UVA,true
041112,04,11,12,VIMIOSO,VALE DE FRADES,true
041113,04,11,13,VIMIOSO,VILAR SECO,false
041114,04,11,14,VIMIOSO,VIMIOSO,false
041115,04,11,15,VIMIOSO,"ALGOSO, CAMPO DE VIBORAS E UVA",false
041116,04,11,16,VIMIOSO,CAÇARELHOS E ANGUEIRA,false
041117,04,11,17,VIMIOSO,VALE DE FRADES E AVELANOSO,false
041201,04,12,01,VINHAIS,AGROCHÃO,false
041202,04,12,02,VINHAIS,ALVAREDOS,true
041203,04,12,03,VINHAIS,CANDEDO,false
041204,04,12,04,VINHAIS,CELAS,false
041205,04,12,05,VINHAIS,CUROPOS,true
041206,04,12,06,VINHAIS,EDRAL,false
041207,04,12,07,VINHAIS,EDROSA,false
041208,04,12,08,VINHAIS,ERVEDOSA,false
041209,04,12,09,VINHAIS,FRESULFE,true
041210,04,12,10,VINHAIS,MOFREITA,true
041211,04,12,11,VINHAIS,MOIMENTA,true
041212,04,12,12,VINHAIS,MONTOUTO,true
041213,04,12,13,VINHAIS,NUNES,true
041214,04,12,14,VINHAIS,OUSILHÃO,true
041215,04,12,15,VINHAIS,PAÇO,false
041216,04,12,16,VINHAIS,PENHAS JUNTAS,false
041217,04,12,17,VINHAIS,PINHEIRO NOVO,true
041218,04,12,18,VINHAIS,QUIRAS,true
041219,04,12,19,VINHAIS,REBORDELO,false
041220,04,12,20,VINHAIS,SANTA CRUZ,true
041221,04,12,21,VINHAIS,SANTALHA,false
041222,04,12,22,VINHAIS,SÃO JOMIL,true
041223,04,12,23,VINHAIS,SOBREIRO DE BAIXO,true
041224,04,12,24,VINHAIS,SOEIRA,true
041225,04,12,25,VINHAIS,TRAVANCA,true
041226,04,12,26,VINHAIS,TUIZELO,false
041227,04,12,27,VINHAIS,VALE DAS FONTES,false
041228,04,12,28,VINHAIS,VALE DE JANEIRO,true
041229,04,12,29,VINHAIS,VILA BOA DE OUSILHÃO,false
041230,04,12,30,VINHAIS,VILA VERDE,false
041231,04,12,31,VINHAIS,VILAR DE LOMBA,true
041232,04,12,32,VINHAIS,VILAR DE OSSOS,false
041233,04,12,33,VINHAIS,VILAR DE PEREGRINOS,false
041234,04,12,34,VINHAIS,VILAR SECO DE LOMBA,false
041235,04,12,35,VINHAIS,VINHAIS,false
041236,04,12,36,VINHAIS,CUROPOS E VALE DE JANEIRO,false
041237,04,12,37,VINHAIS,MOIMENTA E MONTOUTO,false
041238,04,12,38,VINHAIS,NUNES E OUSILHÃO,false
041239,04,12,39,VINHAIS,QUIRAS E PINHEIRO NOVO,false
041240,04,12,40,VINHAIS,SOBREIRO DE BAIXO E ALVAREDOS,false
041241,04,12,41,VINHAIS,"SOEIRA, FRESULFE E MOFREITA",false
041242,04,12,42,VINHAIS,TRAVANCA E SANTA CRUZ,false
041243,04,12,43,VINHAIS,VILAR DE LOMBA E SÃO JOMIL,false
050101,05,01,01,BELMONTE,BELMONTE,true
050102,05,01,02,BELMONTE,CARIA,false
050103,05,01,03,BELMONTE,COLMEAL DA TORRE,true
050104,05,01,04,BELMONTE,INGUIAS,false
050105,05,01,05,BELMONTE,MAÇAINHAS,false
050106,05,01,06,BELMONTE,BELMONTE E COLMEAL DA TORRE,false
050201,05,02,01,CASTELO BRANCO,ALCAINS,false
050202,05,02,02,CASTELO BRANCO,ALMACEDA,false
050203,05,02,03,CASTELO BRANCO,BENQUERENÇAS,false
050204,05,02,04,CASTELO BRANCO,CAFEDE,true
050205,05,02,05,CASTELO BRANCO,CASTELO BRANCO,false
050206,05,02,06,CASTELO BRANCO,CEBOLAIS DE CIMA,true
050207,05,02,07,CASTELO BRANCO,ESCALOS DE BAIXO,true
050208,05,02,08,CASTELO BRANCO,ESCALOS DE CIMA,true
050209,05,02,09,CASTELO BRANCO,FREIXIAL DO CAMPO,true
050210,05,02,10,CASTELO BRANCO,JUNCAL DO CAMPO,true
050211,05,02,11,CASTELO BRANCO,LARDOSA,false
050212,05,02,12,CASTELO BRANCO,LOURIÇAL DO CAMPO,false
050213,05,02,13,CASTELO BRANCO,LOUSA,true
050214,05,02,14,CASTELO BRANCO,MALPICA DO TEJO,false
050215,05,02,15,CASTELO BRANCO,MATA,true
050216,05,02,16,CASTELO BRANCO,MONFORTE DA BEIRA,false
050217,05,02,17,CASTELO BRANCO,NINHO DO AÇOR,true
050218,05,02,18,CASTELO BRANCO,POVOA DE RIO DE MOINHOS,true
050219,05,02,19,CASTELO BRANCO,RETAXO,true
050220,05,02,20,CASTELO BRANCO,SALGUEIRO DO CAMPO,false
050221,05,02,21,CASTELO BRANCO,SANTO ANDRE DAS TOJEIRAS,false
050222,05,02,22,CASTELO BRANCO,S. VICENTE DA BEIRA,false
050223,05,02,23,CASTELO BRANCO,SARZEDAS,false
050224,05,02,24,CASTELO BRANCO,SOBRAL DO CAMPO,true
050225,05,02,25,CASTELO BRANCO,TINALHAS,false
050226,05,02,26,CASTELO BRANCO,CEBOLAIS DE CIMA E RETAXO,false
050227,05,02,27,CASTELO BRANCO,ESCALOS DE BAIXO E MATA,false
050228,05,02,28,CASTELO BRANCO,ESCALOS DE CIMA E LOUSA,false
050229,05,02,29,CASTELO BRANCO,FREIXIAL E JUNCAL DO CAMPO,false
050230,05,02,30,CASTELO BRANCO,NINHO DO AÇOR E SOBRAL DO CAMPO,false
050231,05,02,31,CASTELO BRANCO,POVOA DE RIO DE MOINHOS E CAFEDE,false
050301,05,03,01,COVILHÃ,VILA DO CARVALHO,true
050302,05,03,02,COVILHÃ,ALDEIA DE S. FRANCISCO DE ASSIS,false
050303,05,03,03,COVILHÃ,ALDEIA DO SOUTO,true
050304,05,03,04,COVILHÃ,BARCO,true
050305,05,03,05,COVILHÃ,BOIDOBRA,false
050306,05,03,06,COVILHÃ,CASEGAS,true
050307,05,03,07,COVILHÃ,COVILHÃ (CONCEIÇÃO),true
050308,05,03,08,COVILHÃ,CORTES DO MEIO,false
050309,05,03,09,COVILHÃ,DOMINGUIZO,false
050310,05,03,10,COVILHÃ,ERADA,false
050311,05,03,11,COVILHÃ,FERRO,false
050312,05,03,12,COVILHÃ,ORJAIS,false
050313,05,03,13,COVILHÃ,OURONDO,true
050314,05,03,14,COVILHÃ,PAUL,false
050315,05,03,15,COVILHÃ,PERABOA,false
050316,05,03,16,COVILHÃ,PESO,true
050317,05,03,17,COVILHÃ,COVILHÃ (SANTA MARIA),true
050318,05,03,18,COVILHÃ,S. JORGE DA BEIRA,false
050319,05,03,19,COVILHÃ,COVILHÃ (SÃO MARTINHO),true
050320,05,03,20,COVILHÃ,COVILHÃ (SÃO PEDRO),true
050321,05,03,21,COVILHÃ,SARZEDO,true
050322,05,03,22,COVILHÃ,SOBRAL DE S. MIGUEL,false
050323,05,03,23,COVILHÃ,TEIXOSO,true
050324,05,03,24,COVILHÃ,TORTOSENDO,false
050325,05,03,25,COVILHÃ,UNHAIS DA SERRA,false
050326,05,03,26,COVILHÃ,VALE FORMOSO,true
050327,05,03,27,COVILHÃ,VERDELHOS,false
050328,05,03,28,COVILHÃ,VALES DO RIO,true
050329,05,03,29,COVILHÃ,COUTADA,true
050330,05,03,30,COVILHÃ,CANTAR-GALO,true
050331,05,03,31,COVILHÃ,CANHOSO,true
050332,05,03,32,COVILHÃ,BARCO E COUTADA,false
050333,05,03,33,COVILHÃ,CANTAR-GALO E VILA DO CARVALHO,false
050334,05,03,34,COVILHÃ,CASEGAS E OURONDO,false
050335,05,03,35,COVILHÃ,COVILHÃ E CANHOSO,false
050336,05,03,36,COVILHÃ,PESO E VALES DO RIO,false
050337,05,03,37,COVILHÃ,TEIXOSO E SARZEDO,false
050338,05,03,38,COVILHÃ,VALE FORMOSO E ALDEIA DO SOUTO,false
050401,05,04,01,FUNDÃO,ALCAIDE,false
050402,05,04,02,FUNDÃO,ALCARIA,false
050403,05,04,03,FUNDÃO,ALCONGOSTA,false
050404,05,04,04,FUNDÃO,ALDEIA DE JOANES,true
050405,05,04,05,FUNDÃO,ALDEIA NOVA DO CABO,true
050406,05,04,06,FUNDÃO,ALPEDRINHA,false
050407,05,04,07,FUNDÃO,ATALAIA DO CAMPO,true
050408,05,04,08,FUNDÃO,BARROCA,false
050409,05,04,09,FUNDÃO,BOGAS DE BAIXO,true
050410,05,04,10,FUNDÃO,BOGAS DE CIMA,false
050411,05,04,11,FUNDÃO,CAPINHA,false
050412,05,04,12,FUNDÃO,CASTELEJO,false
050413,05,04,13,FUNDÃO,CASTELO NOVO,false
050414,05,04,14,FUNDÃO,DONAS,true
050415,05,04,15,FUNDÃO,ESCARIGO,true
050416,05,04,16,FUNDÃO,FATELA,false
050417,05,04,17,FUNDÃO,FUNDÃO,true
050418,05,04,18,FUNDÃO,JANEIRO DE CIMA,true
050419,05,04,19,FUNDÃO,LAVACOLHOS,false
050420,05,04,20,FUNDÃO,ORCA,false
050421,05,04,21,FUNDÃO,PERO VISEU,false
050422,05,04,22,FUNDÃO,POVOA DE ATALAIA,true
050423,05,04,23,FUNDÃO,SALGUEIRO,true
050424,05,04,24,FUNDÃO,SILVARES,false
050425,05,04,25,FUNDÃO,SOALHEIRA,false
050426,05,04,26,FUNDÃO,SOUTO DA CASA,false
050427,05,04,27,FUNDÃO,TELHADO,false
050428,05,04,28,FUNDÃO,VALE DE PRAZERES,true
050429,05,04,29,FUNDÃO,VALVERDE,true
050430,05,04,30,FUNDÃO,MATA DA RAINHA,true
050431,05,04,31,FUNDÃO,ENXAMES,false
050432,05,04,32,FUNDÃO,TRES POVOS,false
050433,05,04,33,FUNDÃO,JANEIRO DE CIMA E BOGAS DE BAIXO,false
050434,05,04,34,FUNDÃO,"FUNDÃO, VALVERDE, DONAS, A. JOANES, A. NOVA CABO",false
050435,05,04,35,FUNDÃO,POVOA DE ATALAIA E ATALAIA DO CAMPO,false
050436,05,04,36,FUNDÃO,VALE DE PRAZERES E MATA DA RAINHA,false
050501,05,05,01,IDANHA-A-NOVA,ALCAFOZES,true
050502,05,05,02,IDANHA-A-NOVA,ALDEIA DE SANTA MARGARIDA,false
050503,05,05,03,IDANHA-A-NOVA,IDANHA-A-NOVA,true
050504,05,05,04,IDANHA-A-NOVA,IDANHA-A-VELHA,true
050505,05,05,05,IDANHA-A-NOVA,LADOEIRO,false
050506,05,05,06,IDANHA-A-NOVA,MEDELIM,false
050507,05,05,07,IDANHA-A-NOVA,MONFORTINHO,true
050508,05,05,08,IDANHA-A-NOVA,MONSANTO,true
050509,05,05,09,IDANHA-A-NOVA,OLEDO,false
050510,05,05,10,IDANHA-A-NOVA,PENHA GARCIA,false
050511,05,05,11,IDANHA-A-NOVA,PROENÇA-A-VELHA,false
050512,05,05,12,IDANHA-A-NOVA,ROSMANINHAL,false
050513,05,05,13,IDANHA-A-NOVA,SALVATERRA DO EXTREMO,true
050514,05,05,14,IDANHA-A-NOVA,S. MIGUEL DE ACHA,false
050515,05,05,15,IDANHA-A-NOVA,SEGURA,true
050516,05,05,16,IDANHA-A-NOVA,TOULÕES,false
050517,05,05,17,IDANHA-A-NOVA,ZEBREIRA,true
050518,05,05,18,IDANHA-A-NOVA,IDANHA-A-NOVA E ALCAFOZES,false
050519,05,05,19,IDANHA-A-NOVA,MONFORTINHO E SALVATERRA DO EXTREMO,false
050520,05,05,20,IDANHA-A-NOVA,MONSANTO E IDANHA-A-VELHA,false
050521,05,05,21,IDANHA-A-NOVA,ZEBREIRA E SEGURA,false
050601,05,06,01,OLEIROS,ALVARO,false
050602,05,06,02,OLEIROS,AMIEIRA,true
050603,05,06,03,OLEIROS,CAMBAS,false
050604,05,06,04,OLEIROS,ESTREITO,true
050605,05,06,05,OLEIROS,ISNA,false
050606,05,06,06,OLEIROS,MADEIRÃ,false
050607,05,06,07,OLEIROS,MOSTEIRO,false
050608,05,06,08,OLEIROS,OLEIROS,true
050609,05,06,09,OLEIROS,ORVALHO,false
050610,05,06,10,OLEIROS,SARNADAS DE S. SIMÃO,false
050611,05,06,11,OLEIROS,SOBRAL,false
050612,05,06,12,OLEIROS,VILAR BARROCO,true
050613,05,06,13,OLEIROS,ESTREITO-VILAR BARROCO,false
050614,05,06,14,OLEIROS,OLEIROS-AMIEIRA,false
050701,05,07,01,PENAMACOR,AGUAS,true
050702,05,07,02,PENAMACOR,ALDEIA DO BISPO,true
050703,05,07,03,PENAMACOR,ALDEIA DE JOÃO PIRES,true
050704,05,07,04,PENAMACOR,ARANHAS,false
050705,05,07,05,PENAMACOR,BEMPOSTA,true
050706,05,07,06,PENAMACOR,BENQUERENÇA,false
050707,05,07,07,PENAMACOR,MEIMÃO,false
050708,05,07,08,PENAMACOR,MEIMOA,false
050709,05,07,09,PENAMACOR,PEDROGÃO DE SÃO PEDRO,true
050710,05,07,10,PENAMACOR,PENAMACOR,false
050711,05,07,11,PENAMACOR,SALVADOR,false
050712,05,07,12,PENAMACOR,VALE DA SENHORA DA POVOA,false
050713,05,07,13,PENAMACOR,"ALDEIA DO BISPO, AGUAS E ALDEIA DE JOÃO PIRES",false
050714,05,07,14,PENAMACOR,PEDROGÃO DE SÃO PEDRO E BEMPOSTA,false
050801,05,08,01,PROENÇA-A-NOVA,ALVITO DA BEIRA,true
050802,05,08,02,PROENÇA-A-NOVA,MONTES DA SENHORA,false
050803,05,08,03,PROENÇA-A-NOVA,PERAL,true
050804,05,08,04,PROENÇA-A-NOVA,PROENÇA-A-NOVA,true
050805,05,08,05,PROENÇA-A-NOVA,S. PEDRO DO ESTEVAL,false
050806,05,08,06,PROENÇA-A-NOVA,SOBREIRA FORMOSA,true
050807,05,08,07,PROENÇA-A-NOVA,PROENÇA-A-NOVA E PERAL,false
050808,05,08,08,PROENÇA-A-NOVA,SOBREIRA FORMOSA E ALVITO DA BEIRA,false
050901,05,09,01,SERTÃ,CABEÇUDO,false
050902,05,09,02,SERTÃ,CARVALHAL,false
050903,05,09,03,SERTÃ,CASTELO,false
050904,05,09,04,SERTÃ,CERNACHE DO BONJARDIM,true
050905,05,09,05,SERTÃ,CUMEADA,true
050906,05,09,06,SERTÃ,ERMIDA,true
050907,05,09,07,SERTÃ,FIGUEIREDO,true
050908,05,09,08,SERTÃ,MARMELEIRO,true
050909,05,09,09,SERTÃ,NESPERAL,true
050910,05,09,10,SERTÃ,PALHAIS,true
050911,05,09,11,SERTÃ,PEDROGÃO PEQUENO,false
050912,05,09,12,SERTÃ,SERTÃ,false
050913,05,09,13,SERTÃ,TROVISCAL,false
050914,05,09,14,SERTÃ,VARZEA DOS CAVALEIROS,false
050915,05,09,15,SERTÃ,"CERNACHE DO BONJARDIM, NESPERAL E PALHAIS",false
050916,05,09,16,SERTÃ,CUMEADA E MARMELEIRO,false
050917,05,09,17,SERTÃ,ERMIDA E FIGUEIREDO,false
051001,05,10,01,VILA DE REI,FUNDADA,false
051002,05,10,02,VILA DE REI,S. JOÃO DO PESO,false
051003,05,10,03,VILA DE REI,VILA DE REI,false
051101,05,11,01,VILA VELHA DE RODÃO,FRATEL,false
051102,05,11,02,VILA VELHA DE RODÃO,PERAIS,false
051103,05,11,03,VILA VELHA DE RODÃO,SARNADAS DE RODÃO,false
051104,05,11,04,VILA VELHA DE RODÃO,VILA VELHA DE RODÃO,false
060101,06,01,01,ARGANIL,ANCERIZ,true
060102,06,01,02,ARGANIL,ARGANIL,false
060103,06,01,03,ARGANIL,BARRIL DE ALVA,true
060104,06,01,04,ARGANIL,BENFEITA,false
060105,06,01,05,ARGANIL,CELAVISA,false
060106,06,01,06,ARGANIL,CEPOS,true
060107,06,01,07,ARGANIL,CERDEIRA,true
060108,06,01,08,ARGANIL,COJA,true
060109,06,01,09,ARGANIL,FOLQUES,false
060110,06,01,10,ARGANIL,MOURA DA SERRA,true
060111,06,01,11,ARGANIL,PIODÃO,false
060112,06,01,12,ARGANIL,POMARES,false
060113,06,01,13,ARGANIL,POMBEIRO DA BEIRA,false
060114,06,01,14,ARGANIL,S. MARTINHO DA CORTIÇA,false
060115,06,01,15,ARGANIL,SARZEDO,false
060116,06,01,16,ARGANIL,SECARIAS,false
060117,06,01,17,ARGANIL,TEIXEIRA,true
060118,06,01,18,ARGANIL,VILA COVA DE ALVA,true
060119,06,01,19,ARGANIL,CEPOS E TEIXEIRA,false
060120,06,01,20,ARGANIL,CERDEIRA E MOURA DA SERRA,false
060121,06,01,21,ARGANIL,COJA E BARRIL DE ALVA,false
060122,06,01,22,ARGANIL,VILA COVA DE ALVA E ANSERIZ,false
060201,06,02,01,CANTANHEDE,ANÇÃ,false
060202,06,02,02,CANTANHEDE,BOLHO,true
060203,06,02,03,CANTANHEDE,CADIMA,false
060204,06,02,04,CANTANHEDE,CANTANHEDE,true
060205,06,02,05,CANTANHEDE,CORDINHÃ,false
060206,06,02,06,CANTANHEDE,COVÕES,true
060207,06,02,07,CANTANHEDE,FEBRES,false
060208,06,02,08,CANTANHEDE,MURTEDE,false
060209,06,02,09,CANTANHEDE,OURENTÃ,false
060210,06,02,10,CANTANHEDE,OUTIL,true
060211,06,02,11,CANTANHEDE,POCARIÇA,true
060212,06,02,12,CANTANHEDE,PORTUNHOS,true
060213,06,02,13,CANTANHEDE,SEPINS,true
060214,06,02,14,CANTANHEDE,TOCHA,false
060215,06,02,15,CANTANHEDE,S. CAETANO,false
060216,06,02,16,CANTANHEDE,CORTICEIRO DE CIMA,true
060217,06,02,17,CANTANHEDE,VILAMAR,true
060218,06,02,18,CANTANHEDE,SANGUINHEIRA,false
060219,06,02,19,CANTANHEDE,CAMARNEIRA,true
060220,06,02,20,CANTANHEDE,CANTANHEDE E POCARIÇA,false
060221,06,02,21,CANTANHEDE,COVÕES E CAMARNEIRA,false
060222,06,02,22,CANTANHEDE,PORTUNHOS E OUTIL,false
060223,06,02,23,CANTANHEDE,SEPINS E BOLHO,false
060224,06,02,24,CANTANHEDE,VILAMAR E CORTICEIRO DE CIMA,false
060301,06,03,01,COIMBRA,ALMALAGUES,false
060302,06,03,02,COIMBRA,COIMBRA (ALMEDINA),true
060303,06,03,03,COIMBRA,AMEAL,true
060304,06,03,04,COIMBRA,ANTANHOL,true
060305,06,03,05,COIMBRA,ANTUZEDE,true
060306,06,03,06,COIMBRA,ARZILA,true
060307,06,03,07,COIMBRA,ASSAFARGE,true
060308,06,03,08,COIMBRA,BOTÃO,true
060309,06,03,09,COIMBRA,BRASFEMES,false
060310,06,03,10,COIMBRA,CASTELO VIEGAS,true
060311,06,03,11,COIMBRA,CEIRA,false
060312,06,03,12,COIMBRA,CERNACHE,false
060313,06,03,13,COIMBRA,EIRAS,true
060314,06,03,14,COIMBRA,LAMAROSA,true
060315,06,03,15,COIMBRA,RIBEIRA DE FRADES,true
060316,06,03,16,COIMBRA,SANTA CLARA,true
060317,06,03,17,COIMBRA,COIMBRA (SANTA CRUZ),true
060318,06,03,18,COIMBRA,SANTO ANTONIO DOS OLIVAIS,false
060319,06,03,19,COIMBRA,COIMBRA (SÃO BARTOLOMEU),true
060320,06,03,20,COIMBRA,S. JOÃO DO CAMPO,false
060321,06,03,21,COIMBRA,SÃO MARTINHO DE ARVORE,true
060322,06,03,22,COIMBRA,SÃO MARTINHO DO BISPO,true
060323,06,03,23,COIMBRA,SÃO PAULO DE FRADES,true
060324,06,03,24,COIMBRA,S. SILVESTRE,false
060325,06,03,25,COIMBRA,COIMBRA (SE NOVA),true
060326,06,03,26,COIMBRA,SOUSELAS,true
060327,06,03,27,COIMBRA,TAVEIRO,true
060328,06,03,28,COIMBRA,TORRE DE VILELA,true
060329,06,03,29,COIMBRA,TORRES DO MONDEGO,false
060330,06,03,30,COIMBRA,TROUXEMIL,true
060331,06,03,31,COIMBRA,VIL DE MATOS,true
060332,06,03,32,COIMBRA,ANTUZEDE E VIL DE MATOS,false
060333,06,03,33,COIMBRA,ASSAFARGE E ANTANHOL,false
060334,06,03,34,COIMBRA,"SE NOVA, SANTA CRUZ, ALMEDINA E SÃO BARTOLOMEU",false
060335,06,03,35,COIMBRA,EIRAS E SÃO PAULO DE FRADES,false
060336,06,03,36,COIMBRA,SANTA CLARA E CASTELO VIEGAS,false
060337,06,03,37,COIMBRA,SÃO MARTINHO DE ARVORE E LAMAROSA,false
060338,06,03,38,COIMBRA,SÃO MARTINHO DO BISPO E RIBEIRA DE FRADES,false
060339,06,03,39,COIMBRA,SOUSELAS E BOTÃO,false
060340,06,03,40,COIMBRA,"TAVEIRO, AMEAL E ARZILA",false
060341,06,03,41,COIMBRA,TROUXEMIL E TORRE DE VILELA,false
060401,06,04,01,CONDEIXA-A-NOVA,ANOBRA,false
060402,06,04,02,CONDEIXA-A-NOVA,BELIDE,true
060403,06,04,03,CONDEIXA-A-NOVA,BEM DA FE,true
060404,06,04,04,CONDEIXA-A-NOVA,CONDEIXA-A-NOVA,true
060405,06,04,05,CONDEIXA-A-NOVA,CONDEIXA-A-VELHA,true
060406,06,04,06,CONDEIXA-A-NOVA,EGA,false
060407,06,04,07,CONDEIXA-A-NOVA,FURADOURO,false
060408,06,04,08,CONDEIXA-A-NOVA,SEBAL,true
060409,06,04,09,CONDEIXA-A-NOVA,VILA SECA,true
060410,06,04,10,CONDEIXA-A-NOVA,ZAMBUJAL,false
060411,06,04,11,CONDEIXA-A-NOVA,CONDEIXA-A-VELHA E CONDEIXA-A-NOVA,false
060412,06,04,12,CONDEIXA-A-NOVA,SEBAL E BELIDE,false
060413,06,04,13,CONDEIXA-A-NOVA,VILA SECA E BEM DA FE,false
060501,06,05,01,FIGUEIRA DA FOZ,ALHADAS,true
060502,06,05,02,FIGUEIRA DA FOZ,ALQUEIDÃO,false
060503,06,05,03,FIGUEIRA DA FOZ,BRENHA,true
060504,06,05,04,FIGUEIRA DA FOZ,BUARCOS,true
060505,06,05,05,FIGUEIRA DA FOZ,FERREIRA-A-NOVA,true
060506,06,05,06,FIGUEIRA DA FOZ,LAVOS,true
060507,06,05,07,FIGUEIRA DA FOZ,MAIORCA,false
060508,06,05,08,FIGUEIRA DA FOZ,MARINHA DAS ONDAS,false
060509,06,05,09,FIGUEIRA DA FOZ,PAIÃO,true
060510,06,05,10,FIGUEIRA DA FOZ,QUIAIOS,true
060511,06,05,11,FIGUEIRA DA FOZ,SÃO JULIÃO DA FIGUEIRA DA FOZ,true
060512,06,05,12,FIGUEIRA DA FOZ,TAVAREDE,false
060513,06,05,13,FIGUEIRA DA FOZ,VILA VERDE,false
060514,06,05,14,FIGUEIRA DA FOZ,S. PEDRO,false
060515,06,05,15,FIGUEIRA DA FOZ,BOM SUCESSO,false
060516,06,05,16,FIGUEIRA DA FOZ,SANTANA,true
060517,06,05,17,FIGUEIRA DA FOZ,BORDA DO CAMPO,true
060518,06,05,18,FIGUEIRA DA FOZ,MOINHOS DE GANDARA,false
060519,06,05,19,FIGUEIRA DA FOZ,ALHADAS,false
060520,06,05,20,FIGUEIRA DA FOZ,BUARCOS,false
060521,06,05,21,FIGUEIRA DA FOZ,FERREIRA-A-NOVA,false
060522,06,05,22,FIGUEIRA DA FOZ,LAVOS,false
060523,06,05,23,FIGUEIRA DA FOZ,PAIÃO,false
060524,06,05,24,FIGUEIRA DA FOZ,QUIAIOS,false
060601,06,06,01,GOIS,ALVARES,false
060602,06,06,02,GOIS,CADAFAZ,true
060603,06,06,03,GOIS,COLMEAL,true
060604,06,06,04,GOIS,GOIS,false
060605,06,06,05,GOIS,VILA NOVA DO CEIRA,false
060606,06,06,06,GOIS,CADAFAZ E COLMEAL,false
060701,06,07,01,LOUSÃ,CASAL DE ERMIO,true
060702,06,07,02,LOUSÃ,FOZ DE AROUCE,true
060703,06,07,03,LOUSÃ,LOUSÃ,true
060704,06,07,04,LOUSÃ,SERPINS,false
060705,06,07,05,LOUSÃ,VILARINHO,true
060706,06,07,06,LOUSÃ,GANDARAS,false
060707,06,07,07,LOUSÃ,FOZ DE AROUCE E CASAL DE ERMIO,false
060708,06,07,08,LOUSÃ,LOUSÃ E VILARINHO,false
060801,06,08,01,MIRA,MIRA,false
060802,06,08,02,MIRA,SEIXO,false
060803,06,08,03,MIRA,CARAPELHOS,false
060804,06,08,04,MIRA,PRAIA DE MIRA,false
060901,06,09,01,MIRANDA DO CORVO,LAMAS,false
060902,06,09,02,MIRANDA DO CORVO,MIRANDA DO CORVO,false
060903,06,09,03,MIRANDA DO CORVO,RIO VIDE,true
060904,06,09,04,MIRANDA DO CORVO,SEMIDE,true
060905,06,09,05,MIRANDA DO CORVO,VILA NOVA,false
060906,06,09,06,MIRANDA DO CORVO,SEMIDE E RIO VIDE,false
061001,06,10,01,MONTEMOR-O-VELHO,ABRUNHEIRA,true
061002,06,10,02,MONTEMOR-O-VELHO,ARAZEDE,false
061003,06,10,03,MONTEMOR-O-VELHO,CARAPINHEIRA,false
061004,06,10,04,MONTEMOR-O-VELHO,GATÕES,true
061005,06,10,05,MONTEMOR-O-VELHO,LICEIA,false
061006,06,10,06,MONTEMOR-O-VELHO,MEÃS DO CAMPO,false
061007,06,10,07,MONTEMOR-O-VELHO,MONTEMOR-O-VELHO,true
061008,06,10,08,MONTEMOR-O-VELHO,PEREIRA,false
061009,06,10,09,MONTEMOR-O-VELHO,SANTO VARÃO,false
061010,06,10,10,MONTEMOR-O-VELHO,SEIXO DE GATÕES,false
061011,06,10,11,MONTEMOR-O-VELHO,TENTUGAL,false
061012,06,10,12,MONTEMOR-O-VELHO,VERRIDE,true
061013,06,10,13,MONTEMOR-O-VELHO,VILA NOVA DA BARCA,true
061014,06,10,14,MONTEMOR-O-VELHO,EREIRA,false
061015,06,10,15,MONTEMOR-O-VELHO,"ABRUNHEIRA, VERRIDE E VILA NOVA DA BARCA",false
061016,06,10,16,MONTEMOR-O-VELHO,MONTEMOR-O-VELHO E GATÕES,false
061101,06,11,01,OLIVEIRA DO HOSPITAL,ALDEIA DAS DEZ,false
061102,06,11,02,OLIVEIRA DO HOSPITAL,ALVOCO DAS VARZEAS,false
061103,06,11,03,OLIVEIRA DO HOSPITAL,AVO,false
061104,06,11,04,OLIVEIRA DO HOSPITAL,BOBADELA,false
061105,06,11,05,OLIVEIRA DO HOSPITAL,ERVEDAL,true
061106,06,11,06,OLIVEIRA DO HOSPITAL,LAGARES,false
061107,06,11,07,OLIVEIRA DO HOSPITAL,LAGOS DA BEIRA,true
061108,06,11,08,OLIVEIRA DO HOSPITAL,LAJEOSA,true
061109,06,11,09,OLIVEIRA DO HOSPITAL,LOUROSA,false
061110,06,11,10,OLIVEIRA DO HOSPITAL,MERUGE,false
061111,06,11,11,OLIVEIRA DO HOSPITAL,NOGUEIRA DO CRAVO,false
061112,06,11,12,OLIVEIRA DO HOSPITAL,OLIVEIRA DO HOSPITAL,true
061113,06,11,13,OLIVEIRA DO HOSPITAL,PENALVA DE ALVA,true
061114,06,11,14,OLIVEIRA DO HOSPITAL,SANTA OVAIA,true
061115,06,11,15,OLIVEIRA DO HOSPITAL,S. GIÃO,false
061116,06,11,16,OLIVEIRA DO HOSPITAL,SÃO PAIO DE GRAMAÇOS,true
061117,06,11,17,OLIVEIRA DO HOSPITAL,SÃO SEBASTIÃO DA FEIRA,true
061118,06,11,18,OLIVEIRA DO HOSPITAL,SEIXO DA BEIRA,false
061119,06,11,19,OLIVEIRA DO HOSPITAL,TRAVANCA DE LAGOS,false
061120,06,11,20,OLIVEIRA DO HOSPITAL,VILA POUCA DA BEIRA,true
061121,06,11,21,OLIVEIRA DO HOSPITAL,VILA FRANCA DA BEIRA,true
061122,06,11,22,OLIVEIRA DO HOSPITAL,ERVEDAL E VILA FRANCA DA BEIRA,false
061123,06,11,23,OLIVEIRA DO HOSPITAL,LAGOS DA BEIRA E LAJEOSA,false
061124,06,11,24,OLIVEIRA DO HOSPITAL,OLIVEIRA DO HOSPITAL E SÃO PAIO DE GRAMAÇOS,false
061125,06,11,25,OLIVEIRA DO HOSPITAL,PENALVA DE ALVA E SÃO SEBASTIÃO DA FEIRA,false
061126,06,11,26,OLIVEIRA DO HOSPITAL,SANTA OVAIA E VILA POUCA DA BEIRA,false
061201,06,12,01,PAMPILHOSA DA SERRA,CABRIL,false
061202,06,12,02,PAMPILHOSA DA SERRA,DORNELAS DO ZEZERE,false
061203,06,12,03,PAMPILHOSA DA SERRA,FAJÃO,true
061204,06,12,04,PAMPILHOSA DA SERRA,JANEIRO DE BAIXO,false
061205,06,12,05,PAMPILHOSA DA SERRA,MACHIO,true
061206,06,12,06,PAMPILHOSA DA SERRA,PAMPILHOSA DA SERRA,false
061207,06,12,07,PAMPILHOSA DA SERRA,PESSEGUEIRO,false
061208,06,12,08,PAMPILHOSA DA SERRA,PORTELA DO FOJO,true
061209,06,12,09,PAMPILHOSA DA SERRA,UNHAIS-O-VELHO,false
061210,06,12,10,PAMPILHOSA DA SERRA,VIDUAL,true
061211,06,12,11,PAMPILHOSA DA SERRA,FAJÃO-VIDUAL,false
061212,06,12,12,PAMPILHOSA DA SERRA,PORTELA DO FOJO-MACHIO,false
061301,06,13,01,PENACOVA,CARVALHO,false
061302,06,13,02,PENACOVA,FIGUEIRA DE LORVÃO,false
061303,06,13,03,PENACOVA,FRIUMES,true
061304,06,13,04,PENACOVA,LORVÃO,false
061305,06,13,05,PENACOVA,OLIVEIRA DO MONDEGO,true
061306,06,13,06,PENACOVA,PARADELA,true
061307,06,13,07,PENACOVA,PENACOVA,false
061308,06,13,08,PENACOVA,SÃO PAIO DE MONDEGO,true
061309,06,13,09,PENACOVA,SÃO PEDRO DE ALVA,true
061310,06,13,10,PENACOVA,SAZES DO LORVÃO,false
061311,06,13,11,PENACOVA,TRAVANCA DO MONDEGO,true
061312,06,13,12,PENACOVA,FRIUMES E PARADELA,false
061313,06,13,13,PENACOVA,OLIVEIRA DO MONDEGO E TRAVANCA DO MONDEGO,false
061314,06,13,14,PENACOVA,SÃO PEDRO DE ALVA E SÃO PAIO DE MONDEGO,false
061401,06,14,01,PENELA,CUMEEIRA,false
061402,06,14,02,PENELA,ESPINHAL,false
061403,06,14,03,PENELA,PODENTES,false
061404,06,14,04,PENELA,RABAÇAL,true
061405,06,14,05,PENELA,PENELA (SANTA EUFEMIA),true
061406,06,14,06,PENELA,PENELA (SÃO MIGUEL),true
061407,06,14,07,PENELA,"SÃO MIGUEL, SANTA EUFEMIA E RABAÇAL",false
061501,06,15,01,SOURE,ALFARELOS,false
061502,06,15,02,SOURE,BRUNHOS,true
061503,06,15,03,SOURE,DEGRACIAS,true
061504,06,15,04,SOURE,FIGUEIRO DO CAMPO,false
061505,06,15,05,SOURE,GESTEIRA,true
061506,06,15,06,SOURE,GRANJA DO ULMEIRO,false
061507,06,15,07,SOURE,POMBALINHO,true
061508,06,15,08,SOURE,SAMUEL,false
061509,06,15,09,SOURE,SOURE,false
061510,06,15,10,SOURE,TAPEUS,false
061511,06,15,11,SOURE,VILA NOVA DE ANÇOS,false
061512,06,15,12,SOURE,VINHA DA RAINHA,false
061513,06,15,13,SOURE,DEGRACIAS E POMBALINHO,false
061514,06,15,14,SOURE,GESTEIRA E BRUNHOS,false
061601,06,16,01,TABUA,AZERE,true
061602,06,16,02,TABUA,CANDOSA,false
061603,06,16,03,TABUA,CARAPINHA,false
061604,06,16,04,TABUA,COVAS,true
061605,06,16,05,TABUA,COVELO,true
061606,06,16,06,TABUA,ESPARIZ,true
061607,06,16,07,TABUA,MEDA DE MOUROS,true
061608,06,16,08,TABUA,MIDÕES,false
061609,06,16,09,TABUA,MOURONHO,false
061610,06,16,10,TABUA,PINHEIRO DE COJA,true
061611,06,16,11,TABUA,POVOA DE MIDÕES,false
061612,06,16,12,TABUA,S. JOÃO DA BOA VISTA,false
061613,06,16,13,TABUA,SINDE,true
061614,06,16,14,TABUA,TABUA,false
061615,06,16,15,TABUA,VILA NOVA DE OLIVEIRINHA,true
061616,06,16,16,TABUA,AZERE E COVELO,false
061617,06,16,17,TABUA,COVAS E VILA NOVA DE OLIVEIRINHA,false
061618,06,16,18,TABUA,ESPARIZ E SINDE,false
061619,06,16,19,TABUA,PINHEIRO DE COJA E MEDA DE MOUROS,false
061701,06,17,01,VILA NOVA DE POIARES,ARRIFANA,false
061702,06,17,02,VILA NOVA DE POIARES,LAVEGADAS,false
061703,06,17,03,VILA NOVA DE POIARES,POIARES (SANTO ANDRE),false
061704,06,17,04,VILA NOVA DE POIARES,S. MIGUEL DE POIARES,false
070101,07,01,01,ALANDROAL,ALANDROAL (NOSSA SENHORA DA CONCEIÇÃO),true
070102,07,01,02,ALANDROAL,JUROMENHA (NOSSA SENHORA DO LORETO),true
070103,07,01,03,ALANDROAL,SANTIAGO MAIOR,false
070104,07,01,04,ALANDROAL,CAPELINS (SANTO ANTONIO),false
070105,07,01,05,ALANDROAL,TERENA (S. PEDRO),false
070106,07,01,06,ALANDROAL,SÃO BRAS DOS MATOS (MINA DO BUGALHO),true
070107,07,01,07,ALANDROAL,"N.S. CONCEIÇÃO, S.BRAS MATOS, JUROMENHA",false
070201,07,02,01,ARRAIOLOS,ARRAIOLOS,false
070202,07,02,02,ARRAIOLOS,IGREJINHA,false
070203,07,02,03,ARRAIOLOS,SANTA JUSTA,true
070204,07,02,04,ARRAIOLOS,SÃO GREGORIO,true
070205,07,02,05,ARRAIOLOS,GAFANHOEIRA (SÃO PEDRO),true
070206,07,02,06,ARRAIOLOS,VIMIEIRO,false
070207,07,02,07,ARRAIOLOS,SABUGUEIRO,true
070208,07,02,08,ARRAIOLOS,GAFANHOEIRA (SÃO PEDRO) E SABUGUEIRO,false
070209,07,02,09,ARRAIOLOS,SÃO GREGORIO E SANTA JUSTA,false
070301,07,03,01,BORBA,BORBA (MATRIZ),false
070302,07,03,02,BORBA,ORADA,false
070303,07,03,03,BORBA,RIO DE MOINHOS,false
070304,07,03,04,BORBA,BORBA (S. BARTOLOMEU),false
070401,07,04,01,ESTREMOZ,ARCOS,false
070402,07,04,02,ESTREMOZ,GLORIA,false
070403,07,04,03,ESTREMOZ,ESTREMOZ (SANTA MARIA),true
070404,07,04,04,ESTREMOZ,EVORA MONTE (SANTA MARIA),false
070405,07,04,05,ESTREMOZ,SANTA VITORIA DO AMEIXIAL,true
070406,07,04,06,ESTREMOZ,ESTREMOZ (SANTO ANDRE),true
070407,07,04,07,ESTREMOZ,SANTO ESTEVÃO,true
070408,07,04,08,ESTREMOZ,SÃO BENTO DO AMEIXIAL,true
070409,07,04,09,ESTREMOZ,SÃO BENTO DE ANA LOURA,true
070410,07,04,10,ESTREMOZ,SÃO BENTO DO CORTIÇO,true
070411,07,04,11,ESTREMOZ,S. DOMINGOS DE ANA LOURA,false
070412,07,04,12,ESTREMOZ,SÃO LOURENÇO DE MAMPORCÃO,true
070413,07,04,13,ESTREMOZ,VEIROS,false
070414,07,04,14,ESTREMOZ,ESTREMOZ (SANTA MARIA E SANTO ANDRE),false
070415,07,04,15,ESTREMOZ,SÃO BENTO DO CORTIÇO E SANTO ESTEVÃO,false
070416,07,04,16,ESTREMOZ,SÃO LOURENÇO DE MAMPORCÃO E SÃO BENTO DE ANA LOURA,false
070417,07,04,17,ESTREMOZ,AMEIXIAL (SANTA VITORIA E SÃO BENTO),false
070501,07,05,01,EVORA,NOSSA SENHORA DA BOA FE,true
070502,07,05,02,EVORA,NOSSA SENHORA DA GRAÇA DO DIVOR,false
070503,07,05,03,EVORA,NOSSA SENHORA DE MACHEDE,false
070504,07,05,04,EVORA,NOSSA SENHORA DA TOUREGA,true
070505,07,05,05,EVORA,EVORA (SANTO ANTÃO),true
070506,07,05,06,EVORA,S. BENTO DO MATO,false
070507,07,05,07,EVORA,EVORA (SÃO MAMEDE),true
070508,07,05,08,EVORA,SÃO MANÇOS,true
070509,07,05,09,EVORA,S. MIGUEL DE MACHEDE,false
070510,07,05,10,EVORA,S. PEDRO,true
070511,07,05,11,EVORA,SÃO VICENTE DO PIGEIRO,true
070512,07,05,12,EVORA,SE,true
070513,07,05,13,EVORA,TORRE DE COELHEIROS,false
070514,07,05,14,EVORA,SÃO SEBASTIÃO DA GIESTEIRA,true
070515,07,05,15,EVORA,CANAVIAIS,false
070516,07,05,16,EVORA,NOSSA SENHORA DE GUADALUPE,true
070517,07,05,17,EVORA,BACELO,true
070518,07,05,18,EVORA,HORTA DAS FIGUEIRAS,true
070519,07,05,19,EVORA,MALAGUEIRA,true
070520,07,05,20,EVORA,SE E SÃO PEDRO,true
070521,07,05,21,EVORA,SENHORA DA SAUDE,true
070522,07,05,22,EVORA,BACELO E SENHORA DA SAUDE,false
070523,07,05,23,EVORA,"EVORA (SÃO MAMEDE, SE, SÃO PEDRO E SANTO ANTÃO)",false
070524,07,05,24,EVORA,MALAGUEIRA E HORTA DAS FIGUEIRAS,false
070525,07,05,25,EVORA,N.S. DA TOUREGA E N.S. DE GUADALUPE,false
070526,07,05,26,EVORA,SÃO MANÇOS E SÃO VICENTE DO PIGEIRO,false
070527,07,05,27,EVORA,S.SEBASTIÃO DA GIESTEIRA E N.S. DA BOA FE,false
070601,07,06,01,MONTEMOR-O-NOVO,CABRELA,false
070602,07,06,02,MONTEMOR-O-NOVO,LAVRE,true
070603,07,06,03,MONTEMOR-O-NOVO,NOSSA SENHORA DO BISPO,true
070604,07,06,04,MONTEMOR-O-NOVO,NOSSA SENHORA DA VILA,true
070605,07,06,05,MONTEMOR-O-NOVO,SANTIAGO DO ESCOURAL,false
070606,07,06,06,MONTEMOR-O-NOVO,S. CRISTOVÃO,false
070607,07,06,07,MONTEMOR-O-NOVO,CIBORRO,false
070608,07,06,08,MONTEMOR-O-NOVO,CORTIÇADAS,true
070609,07,06,09,MONTEMOR-O-NOVO,SILVEIRAS,true
070610,07,06,10,MONTEMOR-O-NOVO,FOROS DE VALE DE FIGUEIRA,false
070611,07,06,11,MONTEMOR-O-NOVO,CORTIÇADAS DE LAVRE E LAVRE,false
070612,07,06,12,MONTEMOR-O-NOVO,"N.S. DA VILA, N.S. DO BISPO E SILVEIRAS",false
070701,07,07,01,MORA,BROTAS,false
070702,07,07,02,MORA,CABEÇÃO,false
070703,07,07,03,MORA,MORA,false
070704,07,07,04,MORA,PAVIA,false
070801,07,08,01,MOURÃO,GRANJA,false
070802,07,08,02,MOURÃO,LUZ,false
070803,07,08,03,MOURÃO,MOURÃO,false
070901,07,09,01,PORTEL,ALQUEVA,true
070902,07,09,02,PORTEL,AMIEIRA,true
070903,07,09,03,PORTEL,MONTE DO TRIGO,false
070904,07,09,04,PORTEL,ORIOLA,true
070905,07,09,05,PORTEL,PORTEL,false
070906,07,09,06,PORTEL,SANTANA,false
070907,07,09,07,PORTEL,SÃO BARTOLOMEU DO OUTEIRO,true
070908,07,09,08,PORTEL,VERA CRUZ,false
070909,07,09,09,PORTEL,AMIEIRA E ALQUEVA,false
070910,07,09,10,PORTEL,SÃO BARTOLOMEU DO OUTEIRO E ORIOLA,false
071001,07,10,01,REDONDO,MONTOITO,false
071002,07,10,02,REDONDO,REDONDO,false
071101,07,11,01,REGUENGOS DE MONSARAZ,CAMPO,true
071102,07,11,02,REGUENGOS DE MONSARAZ,CORVAL,false
071103,07,11,03,REGUENGOS DE MONSARAZ,MONSARAZ,false
071104,07,11,04,REGUENGOS DE MONSARAZ,REGUENGOS DE MONSARAZ,false
071105,07,11,05,REGUENGOS DE MONSARAZ,CAMPINHO,true
071106,07,11,06,REGUENGOS DE MONSARAZ,CAMPO E CAMPINHO,false
071201,07,12,01,VENDAS NOVAS,VENDAS NOVAS,false
071202,07,12,02,VENDAS NOVAS,LANDEIRA,false
071301,07,13,01,VIANA DO ALENTEJO,ALCAÇOVAS,false
071302,07,13,02,VIANA DO ALENTEJO,VIANA DO ALENTEJO,false
071303,07,13,03,VIANA DO ALENTEJO,AGUIAR,false
071401,07,14,01,VILA VIÇOSA,BENCATEL,false
071402,07,14,02,VILA VIÇOSA,CILADAS,false
071403,07,14,03,VILA VIÇOSA,VILA VIÇOSA (CONCEIÇÃO),true
071404,07,14,04,VILA VIÇOSA,PARDAIS,false
071405,07,14,05,VILA VIÇOSA,VILA VIÇOSA (SÃO BARTOLOMEU),true
071406,07,14,06,VILA VIÇOSA,NOSSA SENHORA DA CONCEIÇÃO E SÃO BARTOLOMEU,false
080101,08,01,01,ALBUFEIRA,ALBUFEIRA,true
080102,08,01,02,ALBUFEIRA,GUIA,false
080103,08,01,03,ALBUFEIRA,PADERNE,false
080104,08,01,04,ALBUFEIRA,FERREIRAS,false
080105,08,01,05,ALBUFEIRA,OLHOS DE AGUA,true
080106,08,01,06,ALBUFEIRA,ALBUFEIRA E OLHOS DE AGUA,false
080201,08,02,01,ALCOUTIM,ALCOUTIM,true
080202,08,02,02,ALCOUTIM,GIÕES,false
080203,08,02,03,ALCOUTIM,MARTIM LONGO,false
080204,08,02,04,ALCOUTIM,PEREIRO,true
080205,08,02,05,ALCOUTIM,VAQUEIROS,false
080206,08,02,06,ALCOUTIM,ALCOUTIM E PEREIRO,false
080301,08,03,01,ALJEZUR,ALJEZUR,false
080302,08,03,02,ALJEZUR,BORDEIRA,false
080303,08,03,03,ALJEZUR,ODECEIXE,false
080304,08,03,04,ALJEZUR,ROGIL,false
080401,08,04,01,CASTRO MARIM,AZINHAL,false
080402,08,04,02,CASTRO MARIM,CASTRO MARIM,false
080403,08,04,03,CASTRO MARIM,ODELEITE,false
080404,08,04,04,CASTRO MARIM,ALTURA,false
080501,08,05,01,FARO,CONCEIÇÃO,true
080502,08,05,02,FARO,ESTOI,true
080503,08,05,03,FARO,SANTA BARBARA DE NEXE,false
080504,08,05,04,FARO,FARO (SÃO PEDRO),true
080505,08,05,05,FARO,FARO (SE),true
080506,08,05,06,FARO,MONTENEGRO,false
080507,08,05,07,FARO,CONCEIÇÃO E ESTOI,false
080508,08,05,08,FARO,FARO (SE E SÃO PEDRO),false
080601,08,06,01,LAGOA (ALGARVE),ESTOMBAR,true
080602,08,06,02,LAGOA (ALGARVE),FERRAGUDO,false
080603,08,06,03,LAGOA (ALGARVE),LAGOA,true
080604,08,06,04,LAGOA (ALGARVE),PORCHES,false
080605,08,06,05,LAGOA (ALGARVE),CARVOEIRO,true
080606,08,06,06,LAGOA (ALGARVE),PARCHAL,true
080607,08,06,07,LAGOA (ALGARVE),ESTOMBAR E PARCHAL,false
080608,08,06,08,LAGOA (ALGARVE),LAGOA E CARVOEIRO,false
080701,08,07,01,LAGOS,BARÃO DE SÃO JOÃO,true
080702,08,07,02,LAGOS,BENSAFRIM,true
080703,08,07,03,LAGOS,LUZ,false
080704,08,07,04,LAGOS,ODIAXERE,false
080705,08,07,05,LAGOS,LAGOS (SANTA MARIA),true
080706,08,07,06,LAGOS,LAGOS (SÃO SEBASTIÃO),true
080707,08,07,07,LAGOS,BENSAFRIM E BARÃO DE SÃO JOÃO,false
080708,08,07,08,LAGOS,LAGOS (SÃO SEBASTIÃO E SANTA MARIA),false
080801,08,08,01,LOULE,ALMANCIL,false
080802,08,08,02,LOULE,ALTE,false
080803,08,08,03,LOULE,AMEIXIAL,false
080804,08,08,04,LOULE,BOLIQUEIME,false
080805,08,08,05,LOULE,QUARTEIRA,false
080806,08,08,06,LOULE,QUERENÇA,true
080807,08,08,07,LOULE,SALIR,false
080808,08,08,08,LOULE,LOULE (S. CLEMENTE),false
080809,08,08,09,LOULE,LOULE (S. SEBASTIÃO),false
080810,08,08,10,LOULE,BENAFIM,true
080811,08,08,11,LOULE,TOR,true
080812,08,08,12,LOULE,"QUERENÇA, TOR E BENAFIM",false
080901,08,09,01,MONCHIQUE,ALFERCE,false
080902,08,09,02,MONCHIQUE,MARMELETE,false
080903,08,09,03,MONCHIQUE,MONCHIQUE,false
081001,08,10,01,OLHÃO,FUSETA,true
081002,08,10,02,OLHÃO,MONCARAPACHO,true
081003,08,10,03,OLHÃO,OLHÃO,false
081004,08,10,04,OLHÃO,PECHÃO,false
081005,08,10,05,OLHÃO,QUELFES,false
081006,08,10,06,OLHÃO,MONCARAPACHO E FUSETA,false
081101,08,11,01,PORTIMÃO,ALVOR,false
081102,08,11,02,PORTIMÃO,MEXILHOEIRA GRANDE,false
081103,08,11,03,PORTIMÃO,PORTIMÃO,false
081201,08,12,01,S. BRAS DE ALPORTEL,S. BRAS DE ALPORTEL,false
081301,08,13,01,SILVES,ALCANTARILHA,true
081302,08,13,02,SILVES,ALGOZ,true
081303,08,13,03,SILVES,ARMAÇÃO DE PERA,false
081304,08,13,04,SILVES,PERA,true
081305,08,13,05,SILVES,S. BARTOLOMEU DE MESSINES,false
081306,08,13,06,SILVES,S. MARCOS DA SERRA,false
081307,08,13,07,SILVES,SILVES,false
081308,08,13,08,SILVES,TUNES,true
081309,08,13,09,SILVES,ALCANTARILHA E PERA,false
081310,08,13,10,SILVES,ALGOZ E TUNES,false
081401,08,14,01,TAVIRA,CACHOPO,false
081402,08,14,02,TAVIRA,CONCEIÇÃO,true
081403,08,14,03,TAVIRA,LUZ,true
081404,08,14,04,TAVIRA,SANTA CATARINA DA FONTE DO BISPO,false
081405,08,14,05,TAVIRA,TAVIRA (SANTA MARIA),true
081406,08,14,06,TAVIRA,TAVIRA (SANTIAGO),true
081407,08,14,07,TAVIRA,SANTO ESTEVÃO,true
081408,08,14,08,TAVIRA,SANTA LUZIA,false
081409,08,14,09,TAVIRA,CABANAS DE TAVIRA,true
081410,08,14,10,TAVIRA,CONCEIÇÃO E CABANAS DE TAVIRA,false
081411,08,14,11,TAVIRA,LUZ DE TAVIRA E SANTO ESTEVÃO,false
081412,08,14,12,TAVIRA,TAVIRA (SANTA MARIA E SANTIAGO),false
081501,08,15,01,VILA DO BISPO,BARÃO DE S. MIGUEL,false
081502,08,15,02,VILA DO BISPO,BUDENS,false
081503,08,15,03,VILA DO BISPO,RAPOSEIRA,true
081504,08,15,04,VILA DO BISPO,VILA DE SAGRES,false
081505,08,15,05,VILA DO BISPO,VILA DO BISPO,true
081506,08,15,06,VILA DO BISPO,VILA DO BISPO E RAPOSEIRA,false
081601,08,16,01,VILA REAL DE SANTO ANTONIO,VILA NOVA DE CACELA,false
081602,08,16,02,VILA REAL DE SANTO ANTONIO,VILA REAL DE SANTO ANTONIO,false
081603,08,16,03,VILA REAL DE SANTO ANTONIO,MONTE GORDO,false
090101,09,01,01,AGUIAR DA BEIRA,AGUIAR DA BEIRA,true
090102,09,01,02,AGUIAR DA BEIRA,CARAPITO,false
090103,09,01,03,AGUIAR DA BEIRA,CORTIÇADA,false
090104,09,01,04,AGUIAR DA BEIRA,CORUCHE,true
090105,09,01,05,AGUIAR DA BEIRA,DORNELAS,false
090106,09,01,06,AGUIAR DA BEIRA,EIRADO,false
090107,09,01,07,AGUIAR DA BEIRA,FORNINHOS,false
090108,09,01,08,AGUIAR DA BEIRA,GRADIZ,true
090109,09,01,09,AGUIAR DA BEIRA,PENA VERDE,false
090110,09,01,10,AGUIAR DA BEIRA,PINHEIRO,false
090111,09,01,11,AGUIAR DA BEIRA,SEQUEIROS,true
090112,09,01,12,AGUIAR DA BEIRA,SOUTO DE AGUIAR DA BEIRA,true
090113,09,01,13,AGUIAR DA BEIRA,VALVERDE,true
090114,09,01,14,AGUIAR DA BEIRA,AGUIAR DA BEIRA E CORUCHE,false
090115,09,01,15,AGUIAR DA BEIRA,SEQUEIROS E GRADIZ,false
090116,09,01,16,AGUIAR DA BEIRA,SOUTO DE AGUIAR DA BEIRA E VALVERDE,false
090201,09,02,01,ALMEIDA,ADE,true
090202,09,02,02,ALMEIDA,ALDEIA NOVA,true
090203,09,02,03,ALMEIDA,ALMEIDA,false
090204,09,02,04,ALMEIDA,AMOREIRA,true
090205,09,02,05,ALMEIDA,AZINHAL,true
090206,09,02,06,ALMEIDA,CABREIRA,true
090207,09,02,07,ALMEIDA,CASTELO BOM,false
090208,09,02,08,ALMEIDA,CASTELO MENDO,true
090209,09,02,09,ALMEIDA,FREINEDA,false
090210,09,02,10,ALMEIDA,FREIXO,false
090211,09,02,11,ALMEIDA,JUNÇA,true
090212,09,02,12,ALMEIDA,LEOMIL,true
090213,09,02,13,ALMEIDA,MALHADA SORDA,false
090214,09,02,14,ALMEIDA,MALPARTIDA,true
090215,09,02,15,ALMEIDA,MESQUITELA,true
090216,09,02,16,ALMEIDA,MIDO,true
090217,09,02,17,ALMEIDA,MIUZELA,true
090218,09,02,18,ALMEIDA,MONTE PEROBOLÇO,true
090219,09,02,19,ALMEIDA,NAVE DE HAVER,false
090220,09,02,20,ALMEIDA,NAVES,true
090221,09,02,21,ALMEIDA,PARADA,true
090222,09,02,22,ALMEIDA,PEVA,true
090223,09,02,23,ALMEIDA,PORTO DE OVELHA,true
090224,09,02,24,ALMEIDA,S. PEDRO DE RIO SECO,false
090225,09,02,25,ALMEIDA,SENOURAS,true
090226,09,02,26,ALMEIDA,VALE DE COELHA,true
090227,09,02,27,ALMEIDA,VALE DA MULA,false
090228,09,02,28,ALMEIDA,VALE VERDE,true
090229,09,02,29,ALMEIDA,VILAR FORMOSO,false
090230,09,02,30,ALMEIDA,"AMOREIRA, PARADA E CABREIRA",false
090231,09,02,31,ALMEIDA,"AZINHAL, PEVA E VALVERDE",false
090232,09,02,32,ALMEIDA,"CASTELO MENDO, ADE, MONTEPEROBOLSO E MESQUITELA",false
090233,09,02,33,ALMEIDA,JUNÇA E NAVES,false
090234,09,02,34,ALMEIDA,"LEOMIL, MIDO, SENOURAS E ALDEIA NOVA",false
090235,09,02,35,ALMEIDA,MALPARTIDA E VALE DE COELHA,false
090236,09,02,36,ALMEIDA,MIUZELA E PORTO DE OVELHA,false
090301,09,03,01,CELORICO DA BEIRA,AÇORES,true
090302,09,03,02,CELORICO DA BEIRA,BARAÇAL,false
090303,09,03,03,CELORICO DA BEIRA,CADAFAZ,true
090304,09,03,04,CELORICO DA BEIRA,CARRAPICHANA,false
090305,09,03,05,CELORICO DA BEIRA,CORTIÇO DA SERRA,true
090306,09,03,06,CELORICO DA BEIRA,FORNO TELHEIRO,false
090307,09,03,07,CELORICO DA BEIRA,LAJEOSA DO MONDEGO,false
090308,09,03,08,CELORICO DA BEIRA,LINHARES,false
090309,09,03,09,CELORICO DA BEIRA,MAÇAL DO CHÃO,false
090310,09,03,10,CELORICO DA BEIRA,MESQUITELA,false
090311,09,03,11,CELORICO DA BEIRA,MINHOCAL,false
090312,09,03,12,CELORICO DA BEIRA,PRADOS,false
090313,09,03,13,CELORICO DA BEIRA,RAPA,true
090314,09,03,14,CELORICO DA BEIRA,RATOEIRA,false
090315,09,03,15,CELORICO DA BEIRA,SALGUEIRAIS,true
090316,09,03,16,CELORICO DA BEIRA,CELORICO (SANTA MARIA),true
090317,09,03,17,CELORICO DA BEIRA,CELORICO (SÃO PEDRO),true
090318,09,03,18,CELORICO DA BEIRA,VALE DE AZARES,false
090319,09,03,19,CELORICO DA BEIRA,VELOSA,true
090320,09,03,20,CELORICO DA BEIRA,VIDE ENTRE VINHAS,true
090321,09,03,21,CELORICO DA BEIRA,VILA BOA DO MONDEGO,true
090322,09,03,22,CELORICO DA BEIRA,CASAS DO SOEIRO,false
090323,09,03,23,CELORICO DA BEIRA,AÇORES E VELOSA,false
090324,09,03,24,CELORICO DA BEIRA,SÃO PEDRO E SANTA MARIA E VILA BOA DO MONDEGO,false
090325,09,03,25,CELORICO DA BEIRA,"CORTIÇO DA SERRA, VIDE ENTRE VINHAS E SALGUEIRAIS",false
090326,09,03,26,CELORICO DA BEIRA,RAPA E CADAFAZ,false
090401,09,04,01,FIGUEIRA DE CASTELO RODRIGO,ALGODRES,true
090402,09,04,02,FIGUEIRA DE CASTELO RODRIGO,ALMOFALA,true
090403,09,04,03,FIGUEIRA DE CASTELO RODRIGO,CASTELO RODRIGO,false
090404,09,04,04,FIGUEIRA DE CASTELO RODRIGO,CINCO VILAS,true
090405,09,04,05,FIGUEIRA DE CASTELO RODRIGO,COLMEAL,true
090406,09,04,06,FIGUEIRA DE CASTELO RODRIGO,ESCALHÃO,false
090407,09,04,07,FIGUEIRA DE CASTELO RODRIGO,ESCARIGO,true
090408,09,04,08,FIGUEIRA DE CASTELO RODRIGO,FIGUEIRA DE CASTELO RODRIGO,false
090409,09,04,09,FIGUEIRA DE CASTELO RODRIGO,FREIXEDA DO TORRÃO,true
090410,09,04,10,FIGUEIRA DE CASTELO RODRIGO,MATA DE LOBOS,false
090411,09,04,11,FIGUEIRA DE CASTELO RODRIGO,PENHA DE AGUIA,true
090412,09,04,12,FIGUEIRA DE CASTELO RODRIGO,QUINTÃ DE PERO MARTINS,true
090413,09,04,13,FIGUEIRA DE CASTELO RODRIGO,REIGADA,true
090414,09,04,14,FIGUEIRA DE CASTELO RODRIGO,VALE DE AFONSINHO,true
090415,09,04,15,FIGUEIRA DE CASTELO RODRIGO,VERMIOSA,false
090416,09,04,16,FIGUEIRA DE CASTELO RODRIGO,VILAR DE AMARGO,true
090417,09,04,17,FIGUEIRA DE CASTELO RODRIGO,VILAR TORPIM,true
090418,09,04,18,FIGUEIRA DE CASTELO RODRIGO,"ALGODRES, VALE DE AFONSINHO E VILAR DE AMARGO",false
090419,09,04,19,FIGUEIRA DE CASTELO RODRIGO,ALMOFALA E ESCARIGO,false
090420,09,04,20,FIGUEIRA DE CASTELO RODRIGO,CINCO VILAS E REIGADA,false
090421,09,04,21,FIGUEIRA DE CASTELO RODRIGO,"FREIXEDA TORRÃO, QUINTÃ PERO MARTINS, PENHA AGUIA",false
090422,09,04,22,FIGUEIRA DE CASTELO RODRIGO,COLMEAL E VILAR TORPIM,false
090501,09,05,01,FORNOS DE ALGODRES,ALGODRES,false
090502,09,05,02,FORNOS DE ALGODRES,CASAL VASCO,false
090503,09,05,03,FORNOS DE ALGODRES,CORTIÇO,true
090504,09,05,04,FORNOS DE ALGODRES,FIGUEIRO DA GRANJA,false
090505,09,05,05,FORNOS DE ALGODRES,FORNOS DE ALGODRES,false
090506,09,05,06,FORNOS DE ALGODRES,FUINHAS,true
090507,09,05,07,FORNOS DE ALGODRES,INFIAS,false
090508,09,05,08,FORNOS DE ALGODRES,JUNCAIS,true
090509,09,05,09,FORNOS DE ALGODRES,MACEIRA,false
090510,09,05,10,FORNOS DE ALGODRES,MATANÇA,false
090511,09,05,11,FORNOS DE ALGODRES,MUXAGATA,false
090512,09,05,12,FORNOS DE ALGODRES,QUEIRIZ,false
090513,09,05,13,FORNOS DE ALGODRES,SOBRAL PICHORRO,true
090514,09,05,14,FORNOS DE ALGODRES,VILA CHÃ,true
090515,09,05,15,FORNOS DE ALGODRES,VILA RUIVA,true
090516,09,05,16,FORNOS DE ALGODRES,VILA SOEIRO DO CHÃO,true
090517,09,05,17,FORNOS DE ALGODRES,CORTIÇO E VILA CHÃ,false
090518,09,05,18,FORNOS DE ALGODRES,"JUNCAIS, VILA RUIVA E VILA SOEIRO DO CHÃO",false
090519,09,05,19,FORNOS DE ALGODRES,SOBRAL PICHORRO E FUINHAS,false
090601,09,06,01,GOUVEIA,ALDEIAS,true
090602,09,06,02,GOUVEIA,ARCOZELO,false
090603,09,06,03,GOUVEIA,CATIVELOS,false
090604,09,06,04,GOUVEIA,FIGUEIRO DA SERRA,true
090605,09,06,05,GOUVEIA,FOLGOSINHO,false
090606,09,06,06,GOUVEIA,FREIXO DA SERRA,true
090607,09,06,07,GOUVEIA,LAGARINHOS,true
090608,09,06,08,GOUVEIA,MANGUALDE DA SERRA,true
090609,09,06,09,GOUVEIA,MELO,true
090610,09,06,10,GOUVEIA,MOIMENTA DA SERRA,true
090611,09,06,11,GOUVEIA,NABAIS,true
090612,09,06,12,GOUVEIA,NESPEREIRA,false
090613,09,06,13,GOUVEIA,PAÇOS DA SERRA,false
090614,09,06,14,GOUVEIA,RIBAMONDEGO,false
090615,09,06,15,GOUVEIA,RIO TORTO,true
090616,09,06,16,GOUVEIA,GOUVEIA (SÃO JULIÃO),true
090617,09,06,17,GOUVEIA,S. PAIO,false
090618,09,06,18,GOUVEIA,GOUVEIA (SÃO PEDRO),true
090619,09,06,19,GOUVEIA,VILA CORTES DA SERRA,false
090620,09,06,20,GOUVEIA,VILA FRANCA DA SERRA,false
090621,09,06,21,GOUVEIA,VILA NOVA DE TAZEM,false
090622,09,06,22,GOUVEIA,VINHO,true
090623,09,06,23,GOUVEIA,ALDEIAS E MANGUALDE DA SERRA,false
090624,09,06,24,GOUVEIA,FIGUEIRO DA SERRA E FREIXO DA SERRA,false
090625,09,06,25,GOUVEIA,GOUVEIA (SÃO PEDRO E SÃO JULIÃO),false
090626,09,06,26,GOUVEIA,MELO E NABAIS,false
090627,09,06,27,GOUVEIA,MOIMENTA DA SERRA E VINHO,false
090628,09,06,28,GOUVEIA,RIO TORTO E LAGARINHOS,false
090701,09,07,01,GUARDA,ADÃO,true
090702,09,07,02,GUARDA,ALBARDO,true
090703,09,07,03,GUARDA,ALDEIA DO BISPO,false
090704,09,07,04,GUARDA,ALDEIA VIÇOSA,false
090705,09,07,05,GUARDA,ALVENDRE,false
090706,09,07,06,GUARDA,ARRIFANA,false
090707,09,07,07,GUARDA,AVELÃS DE AMBOM,true
090708,09,07,08,GUARDA,AVELÃS DA RIBEIRA,false
090709,09,07,09,GUARDA,BENESPERA,false
090710,09,07,10,GUARDA,CARVALHAL MEÃO,true
090711,09,07,11,GUARDA,CASAL DE CINZA,false
090712,09,07,12,GUARDA,CASTANHEIRA,false
090713,09,07,13,GUARDA,CAVADOUDE,false
090714,09,07,14,GUARDA,CODESSEIRO,false
090715,09,07,15,GUARDA,CORUJEIRA,true
090716,09,07,16,GUARDA,FAIA,false
090717,09,07,17,GUARDA,FAMALICÃO,false
090718,09,07,18,GUARDA,FERNÃO JOANES,false
090719,09,07,19,GUARDA,GAGOS,true
090720,09,07,20,GUARDA,GONÇALO,true
090721,09,07,21,GUARDA,GONÇALO BOCAS,false
090722,09,07,22,GUARDA,JOÃO ANTÃO,false
090723,09,07,23,GUARDA,MAÇAINHAS,false
090724,09,07,24,GUARDA,MARMELEIRO,false
090725,09,07,25,GUARDA,MEIOS,false
090726,09,07,26,GUARDA,MIZARELA,true
090727,09,07,27,GUARDA,MONTE MARGARIDA,true
090728,09,07,28,GUARDA,PANOIAS DE CIMA,false
090729,09,07,29,GUARDA,PEGA,false
090730,09,07,30,GUARDA,PERA DO MOÇO,false
090731,09,07,31,GUARDA,PERO SOARES,true
090732,09,07,32,GUARDA,PORTO DA CARNE,false
090733,09,07,33,GUARDA,POUSADE,true
090734,09,07,34,GUARDA,RAMELA,false
090735,09,07,35,GUARDA,RIBEIRA DOS CARINHOS,true
090736,09,07,36,GUARDA,ROCAMONDO,true
090737,09,07,37,GUARDA,ROCHOSO,true
090738,09,07,38,GUARDA,SANTANA DA AZINHA,false
090739,09,07,39,GUARDA,JARMELO (SÃO MIGUEL),true
090740,09,07,40,GUARDA,JARMELO (SÃO PEDRO),true
090741,09,07,41,GUARDA,GUARDA (SÃO VICENTE),true
090742,09,07,42,GUARDA,GUARDA (SE),true
090743,09,07,43,GUARDA,SEIXO AMARELO,true
090744,09,07,44,GUARDA,SOBRAL DA SERRA,false
090745,09,07,45,GUARDA,TRINTA,true
090746,09,07,46,GUARDA,VALE DE ESTRELA,false
090747,09,07,47,GUARDA,VALHELHAS,false
090748,09,07,48,GUARDA,VELA,false
090749,09,07,49,GUARDA,VIDEMONTE,false
090750,09,07,50,GUARDA,VILA CORTES DO MONDEGO,false
090751,09,07,51,GUARDA,VILA FERNANDO,false
090752,09,07,52,GUARDA,VILA FRANCA DO DEÃO,false
090753,09,07,53,GUARDA,VILA GARCIA,false
090754,09,07,54,GUARDA,VILA SOEIRO,true
090755,09,07,55,GUARDA,SÃO MIGUEL DA GUARDA,true
090756,09,07,56,GUARDA,VALE DE AMOREIRA,true
090757,09,07,57,GUARDA,GONÇALO,false
090758,09,07,58,GUARDA,GUARDA,false
090759,09,07,59,GUARDA,JARMELO SÃO MIGUEL,false
090760,09,07,60,GUARDA,JARMELO SÃO PEDRO,false
090761,09,07,61,GUARDA,AVELÃS DE AMBOM E ROCAMONDO,false
090762,09,07,62,GUARDA,CORUJEIRA E TRINTA,false
090763,09,07,63,GUARDA,"MIZARELA, PERO SOARES E VILA SOEIRO",false
090764,09,07,64,GUARDA,POUSADE E ALBARDO,false
090765,09,07,65,GUARDA,ROCHOSO E MONTE MARGARIDA,false
090766,09,07,66,GUARDA,ADÃO,false
090801,09,08,01,MANTEIGAS,SAMEIRO,false
090802,09,08,02,MANTEIGAS,MANTEIGAS (SANTA MARIA),false
090803,09,08,03,MANTEIGAS,MANTEIGAS (S. PEDRO),false
090804,09,08,04,MANTEIGAS,VALE DE AMOREIRA,false
090901,09,09,01,MEDA,AVELOSO,false
090902,09,09,02,MEDA,BARREIRA,false
090903,09,09,03,MEDA,CARVALHAL,true
090904,09,09,04,MEDA,CASTEIÇÃO,true
090905,09,09,05,MEDA,CORISCADA,false
090906,09,09,06,MEDA,FONTE LONGA,true
090907,09,09,07,MEDA,LONGROIVA,false
090908,09,09,08,MEDA,MARIALVA,false
090909,09,09,09,MEDA,MEDA,true
090910,09,09,10,MEDA,OUTEIRO DE GATOS,true
090911,09,09,11,MEDA,PAI PENELA,true
090912,09,09,12,MEDA,POÇO DO CANTO,false
090913,09,09,13,MEDA,PROVA,true
090914,09,09,14,MEDA,RABAÇAL,false
090915,09,09,15,MEDA,RANHADOS,false
090916,09,09,16,MEDA,VALE FLOR,true
090917,09,09,17,MEDA,"MEDA, OUTEIRO DE GATOS E FONTE LONGA",false
090918,09,09,18,MEDA,PROVA E CASTEIÇÃO,false
090919,09,09,19,MEDA,"VALE FLOR, CARVALHAL E PAI PENELA",false
091001,09,10,01,PINHEL,ALVERCA DA BEIRA,true
091002,09,10,02,PINHEL,ATALAIA,true
091003,09,10,03,PINHEL,AZEVO,true
091004,09,10,04,PINHEL,BOGALHAL,true
091005,09,10,05,PINHEL,BOUÇA COVA,true
091006,09,10,06,PINHEL,CEREJO,true
091007,09,10,07,PINHEL,CIDADELHE,true
091008,09,10,08,PINHEL,ERVAS TENRAS,true
091009,09,10,09,PINHEL,ERVEDOSA,false
091010,09,10,10,PINHEL,FREIXEDAS,false
091011,09,10,11,PINHEL,GOUVEIAS,true
091012,09,10,12,PINHEL,LAMEGAL,false
091013,09,10,13,PINHEL,LAMEIRAS,false
091014,09,10,14,PINHEL,MANIGOTO,false
091015,09,10,15,PINHEL,PALA,false
091016,09,10,16,PINHEL,PEREIRO,true
091017,09,10,17,PINHEL,PINHEL,false
091018,09,10,18,PINHEL,PINZIO,false
091019,09,10,19,PINHEL,POMARES,true
091020,09,10,20,PINHEL,POVOA D EL-REI,true
091021,09,10,21,PINHEL,SAFURDÃO,true
091022,09,10,22,PINHEL,SANTA EUFEMIA,true
091023,09,10,23,PINHEL,SORVAL,true
091024,09,10,24,PINHEL,SOURO PIRES,false
091025,09,10,25,PINHEL,VALBOM,true
091026,09,10,26,PINHEL,VALE DE MADEIRA,true
091027,09,10,27,PINHEL,VASCOVEIRO,false
091028,09,10,28,PINHEL,AGREGAÇÃO DAS FREGUESIAS SUL DE PINHEL,false
091029,09,10,29,PINHEL,ALVERCA DA BEIRA/BOUÇA COVA,false
091030,09,10,30,PINHEL,TERRAS DE MASSUEIME,false
091031,09,10,31,PINHEL,VALBOM/BOGALHAL,false
091032,09,10,32,PINHEL,ALTO DO PALURDO,false
091033,09,10,33,PINHEL,VALE DO COA,false
091034,09,10,34,PINHEL,VALE DO MASSUEIME,false
091035,09,10,35,PINHEL,ATALAIA E SAFURDÃO,false
091101,09,11,01,SABUGAL,AGUAS BELAS,false
091102,09,11,02,SABUGAL,ALDEIA DO BISPO,false
091103,09,11,03,SABUGAL,ALDEIA DA PONTE,false
091104,09,11,04,SABUGAL,ALDEIA DA RIBEIRA,true
091105,09,11,05,SABUGAL,ALDEIA DE SANTO ANTONIO,true
091106,09,11,06,SABUGAL,ALDEIA VELHA,false
091107,09,11,07,SABUGAL,ALFAIATES,false
091108,09,11,08,SABUGAL,BADAMALOS,true
091109,09,11,09,SABUGAL,BARAÇAL,false
091110,09,11,10,SABUGAL,BENDADA,false
091111,09,11,11,SABUGAL,BISMULA,false
091112,09,11,12,SABUGAL,CASTELEIRO,false
091113,09,11,13,SABUGAL,CERDEIRA,false
091114,09,11,14,SABUGAL,FOIOS,false
091115,09,11,15,SABUGAL,FORCALHOS,true
091116,09,11,16,SABUGAL,LAJEOSA,true
091117,09,11,17,SABUGAL,LOMBA,true
091118,09,11,18,SABUGAL,MALCATA,false
091119,09,11,19,SABUGAL,MOITA,true
091120,09,11,20,SABUGAL,NAVE,false
091121,09,11,21,SABUGAL,PENA LOBO,true
091122,09,11,22,SABUGAL,POUSAFOLES DO BISPO,true
091123,09,11,23,SABUGAL,QUADRAZAIS,false
091124,09,11,24,SABUGAL,QUINTAS DE SÃO BARTOLOMEU,false
091125,09,11,25,SABUGAL,RAPOULA DO COA,false
091126,09,11,26,SABUGAL,REBOLOSA,false
091127,09,11,27,SABUGAL,RENDO,false
091128,09,11,28,SABUGAL,RUIVOS,true
091129,09,11,29,SABUGAL,RUVINA,true
091130,09,11,30,SABUGAL,SABUGAL,true
091131,09,11,31,SABUGAL,SANTO ESTEVÃO,true
091132,09,11,32,SABUGAL,SEIXO DO COA,true
091133,09,11,33,SABUGAL,SORTELHA,false
091134,09,11,34,SABUGAL,SOUTO,false
091135,09,11,35,SABUGAL,VALE DAS EGUAS,true
091136,09,11,36,SABUGAL,VALE DE ESPINHO,false
091137,09,11,37,SABUGAL,VALE LONGO,true
091138,09,11,38,SABUGAL,VILA BOA,false
091139,09,11,39,SABUGAL,VILA DO TOURO,false
091140,09,11,40,SABUGAL,VILAR MAIOR,true
091141,09,11,41,SABUGAL,"ALDEIA DA RIBEIRA, VILAR MAIOR E BADAMALOS",false
091142,09,11,42,SABUGAL,LAJEOSA E FORCALHOS,false
091143,09,11,43,SABUGAL,"POUSAFOLES DO BISPO, PENA LOBO E LOMBA",false
091144,09,11,44,SABUGAL,"RUVINA, RUIVOS E VALE DAS EGUAS",false
091145,09,11,45,SABUGAL,SABUGAL E ALDEIA DE SANTO ANTONIO,false
091146,09,11,46,SABUGAL,SANTO ESTEVÃO E MOITA,false
091147,09,11,47,SABUGAL,SEIXO DO COA E VALE LONGO,false
091201,09,12,01,SEIA,ALVOCO DA SERRA,false
091202,09,12,02,SEIA,CABEÇA,true
091203,09,12,03,SEIA,CARRAGOZELA,true
091204,09,12,04,SEIA,FOLHADOSA,true
091205,09,12,05,SEIA,GIRABOLHOS,false
091206,09,12,06,SEIA,LAJES,true
091207,09,12,07,SEIA,LORIGA,false
091208,09,12,08,SEIA,PARANHOS,false
091209,09,12,09,SEIA,PINHANÇOS,false
091210,09,12,10,SEIA,SABUGUEIRO,false
091211,09,12,11,SEIA,SAMEICE,true
091212,09,12,12,SEIA,SANDOMIL,false
091213,09,12,13,SEIA,SANTA COMBA,false
091214,09,12,14,SEIA,SANTA EULALIA,true
091215,09,12,15,SEIA,SANTA MARINHA,true
091216,09,12,16,SEIA,SANTIAGO,false
091217,09,12,17,SEIA,SÃO MARTINHO,true
091218,09,12,18,SEIA,SÃO ROMÃO,true
091219,09,12,19,SEIA,SAZES DA BEIRA,false
091220,09,12,20,SEIA,SEIA,true
091221,09,12,21,SEIA,TEIXEIRA,false
091222,09,12,22,SEIA,TORROZELO,true
091223,09,12,23,SEIA,TOURAIS,true
091224,09,12,24,SEIA,TRAVANCINHA,false
091225,09,12,25,SEIA,VALEZIM,false
091226,09,12,26,SEIA,VARZEA DE MERUGE,true
091227,09,12,27,SEIA,VIDE,true
091228,09,12,28,SEIA,VILA COVA A COELHEIRA,false
091229,09,12,29,SEIA,LAPA DOS DINHEIROS,true
091230,09,12,30,SEIA,CARRAGOZELA E VARZEA DE MERUGE,false
091231,09,12,31,SEIA,SAMEICE E SANTA EULALIA,false
091232,09,12,32,SEIA,SANTA MARINHA E SÃO MARTINHO,false
091233,09,12,33,SEIA,"SEIA, SÃO ROMÃO E LAPA DOS DINHEIROS",false
091234,09,12,34,SEIA,TORROZELO E FOLHADOSA,false
091235,09,12,35,SEIA,TOURAIS E LAJES,false
091236,09,12,36,SEIA,VIDE E CABEÇA,false
091301,09,13,01,TRANCOSO,ALDEIA NOVA,false
091302,09,13,02,TRANCOSO,CARNICÃES,true
091303,09,13,03,TRANCOSO,CASTANHEIRA,false
091304,09,13,04,TRANCOSO,COGULA,false
091305,09,13,05,TRANCOSO,COTIMOS,false
091306,09,13,06,TRANCOSO,FEITAL,true
091307,09,13,07,TRANCOSO,FIÃES,false
091308,09,13,08,TRANCOSO,FRECHES,true
091309,09,13,09,TRANCOSO,GRANJA,false
091310,09,13,10,TRANCOSO,GUILHEIRO,false
091311,09,13,11,TRANCOSO,MOIMENTINHA,false
091312,09,13,12,TRANCOSO,MOREIRA DE REI,false
091313,09,13,13,TRANCOSO,PALHAIS,false
091314,09,13,14,TRANCOSO,POVOA DO CONCELHO,false
091315,09,13,15,TRANCOSO,REBOLEIRO,false
091316,09,13,16,TRANCOSO,RIO DE MEL,false
091317,09,13,17,TRANCOSO,TRANCOSO (SANTA MARIA),true
091318,09,13,18,TRANCOSO,TRANCOSO (SÃO PEDRO),true
091319,09,13,19,TRANCOSO,SEBADELHE DA SERRA,true
091320,09,13,20,TRANCOSO,SOUTO MAIOR,true
091321,09,13,21,TRANCOSO,TAMANHOS,false
091322,09,13,22,TRANCOSO,TERRENHO,true
091323,09,13,23,TRANCOSO,TORRE DO TERRENHO,true
091324,09,13,24,TRANCOSO,TORRES,true
091325,09,13,25,TRANCOSO,VALDUJO,false
091326,09,13,26,TRANCOSO,VALE DO SEIXO,true
091327,09,13,27,TRANCOSO,VILA FRANCA DAS NAVES,true
091328,09,13,28,TRANCOSO,VILA GARCIA,true
091329,09,13,29,TRANCOSO,VILARES,true
091330,09,13,30,TRANCOSO,FRECHES E TORRES,false
091331,09,13,31,TRANCOSO,"TORRE DO TERRENHO, SEBADELHE DA SERRA E TERRENHO",false
091332,09,13,32,TRANCOSO,TRANCOSO (SÃO PEDRO E SANTA MARIA) E SOUTO MAIOR,false
091333,09,13,33,TRANCOSO,VALE DO SEIXO E VILA GARCIA,false
091334,09,13,34,TRANCOSO,VILA FRANCA DAS NAVES E FEITAL,false
091335,09,13,35,TRANCOSO,VILARES E CARNICÃES,false
091401,09,14,01,VILA NOVA DE FOZ COA,ALMENDRA,false
091402,09,14,02,VILA NOVA DE FOZ COA,CASTELO MELHOR,false
091403,09,14,03,VILA NOVA DE FOZ COA,CEDOVIM,false
091404,09,14,04,VILA NOVA DE FOZ COA,CHÃS,false
091405,09,14,05,VILA NOVA DE FOZ COA,CUSTOIAS,false
091406,09,14,06,VILA NOVA DE FOZ COA,FREIXO DE NUMÃO,true
091407,09,14,07,VILA NOVA DE FOZ COA,HORTA,false
091408,09,14,08,VILA NOVA DE FOZ COA,MOS,true
091409,09,14,09,VILA NOVA DE FOZ COA,MURÇA,true
091410,09,14,10,VILA NOVA DE FOZ COA,MUXAGATA,false
091411,09,14,11,VILA NOVA DE FOZ COA,NUMÃO,false
091412,09,14,12,VILA NOVA DE FOZ COA,SANTA COMBA,false
091413,09,14,13,VILA NOVA DE FOZ COA,SANTO AMARO,true
091414,09,14,14,VILA NOVA DE FOZ COA,SEBADELHE,false
091415,09,14,15,VILA NOVA DE FOZ COA,SEIXAS,false
091416,09,14,16,VILA NOVA DE FOZ COA,TOUÇA,false
091417,09,14,17,VILA NOVA DE FOZ COA,VILA NOVA DE FOZ COA,true
091418,09,14,18,VILA NOVA DE FOZ COA,FREIXO DE NUMÃO,false
091419,09,14,19,VILA NOVA DE FOZ COA,VILA NOVA DE FOZ COA,false
100101,10,01,01,ALCOBAÇA,ALCOBAÇA,true
100102,10,01,02,ALCOBAÇA,ALFEIZERÃO,false
100103,10,01,03,ALCOBAÇA,ALPEDRIZ,true
100104,10,01,04,ALCOBAÇA,BARRIO,false
100105,10,01,05,ALCOBAÇA,BENEDITA,false
100106,10,01,06,ALCOBAÇA,CELA,false
100107,10,01,07,ALCOBAÇA,COZ,true
100108,10,01,08,ALCOBAÇA,EVORA DE ALCOBAÇA,false
100109,10,01,09,ALCOBAÇA,MAIORGA,false
100110,10,01,10,ALCOBAÇA,PATAIAS,true
100111,10,01,11,ALCOBAÇA,ALJUBARROTA (PRAZERES),true
100112,10,01,12,ALCOBAÇA,S. MARTINHO DO PORTO,false
100113,10,01,13,ALCOBAÇA,ALJUBARROTA (SÃO VICENTE),true
100114,10,01,14,ALCOBAÇA,TURQUEL,false
100115,10,01,15,ALCOBAÇA,VESTIARIA,true
100116,10,01,16,ALCOBAÇA,VIMEIRO,false
100117,10,01,17,ALCOBAÇA,MOITA,true
100118,10,01,18,ALCOBAÇA,MARTINGANÇA,true
100119,10,01,19,ALCOBAÇA,MONTES,true
100120,10,01,20,ALCOBAÇA,ALJUBARROTA,false
100121,10,01,21,ALCOBAÇA,ALCOBAÇA E VESTIARIA,false
100122,10,01,22,ALCOBAÇA,"COZ, ALPEDRIZ E MONTES",false
100123,10,01,23,ALCOBAÇA,PATAIAS E MARTINGANÇA,false
100201,10,02,01,ALVAIAZERE,ALMOSTER,false
100202,10,02,02,ALVAIAZERE,ALVAIAZERE,true
100203,10,02,03,ALVAIAZERE,MAÇÃS DE CAMINHO,true
100204,10,02,04,ALVAIAZERE,MAÇÃS DE D. MARIA,false
100205,10,02,05,ALVAIAZERE,PELMA,false
100206,10,02,06,ALVAIAZERE,PUSSOS,true
100207,10,02,07,ALVAIAZERE,REGO DA MURTA,true
100208,10,02,08,ALVAIAZERE,ALVAIAZERE,false
100209,10,02,09,ALVAIAZERE,PUSSOS SÃO PEDRO,false
100301,10,03,01,ANSIÃO,ALVORGE,false
100302,10,03,02,ANSIÃO,ANSIÃO,true
100303,10,03,03,ANSIÃO,AVELAR,false
100304,10,03,04,ANSIÃO,CHÃO DE COUCE,false
100305,10,03,05,ANSIÃO,LAGARTEIRA,true
100306,10,03,06,ANSIÃO,POUSAFLORES,false
100307,10,03,07,ANSIÃO,SANTIAGO DA GUARDA,false
100308,10,03,08,ANSIÃO,TORRE DE VALE DE TODOS,true
100309,10,03,09,ANSIÃO,ANSIÃO,false
100401,10,04,01,BATALHA,BATALHA,false
100402,10,04,02,BATALHA,REGUENGO DO FETAL,false
100403,10,04,03,BATALHA,S. MAMEDE,false
100404,10,04,04,BATALHA,GOLPILHEIRA,false
100501,10,05,01,BOMBARRAL,BOMBARRAL,true
100502,10,05,02,BOMBARRAL,CARVALHAL,false
100503,10,05,03,BOMBARRAL,ROLIÇA,false
100504,10,05,04,BOMBARRAL,VALE COVO,true
100505,10,05,05,BOMBARRAL,PO,false
100506,10,05,06,BOMBARRAL,BOMBARRAL E VALE COVO,false
100601,10,06,01,CALDAS DA RAINHA,A DOS FRANCOS,false
100602,10,06,02,CALDAS DA RAINHA,ALVORNINHA,false
100603,10,06,03,CALDAS DA RAINHA,CALDAS DA RAINHA (N. S. DO POPULO),true
100604,10,06,04,CALDAS DA RAINHA,CARVALHAL BENFEITO,false
100605,10,06,05,CALDAS DA RAINHA,COTO,true
100606,10,06,06,CALDAS DA RAINHA,FOZ DO ARELHO,false
100607,10,06,07,CALDAS DA RAINHA,LANDAL,false
100608,10,06,08,CALDAS DA RAINHA,NADADOURO,false
100609,10,06,09,CALDAS DA RAINHA,SALIR DE MATOS,false
100610,10,06,10,CALDAS DA RAINHA,SALIR DO PORTO,true
100611,10,06,11,CALDAS DA RAINHA,SANTA CATARINA,false
100612,10,06,12,CALDAS DA RAINHA,SÃO GREGORIO,true
100613,10,06,13,CALDAS DA RAINHA,SERRA DO BOURO,true
100614,10,06,14,CALDAS DA RAINHA,TORNADA,true
100615,10,06,15,CALDAS DA RAINHA,VIDAIS,false
100616,10,06,16,CALDAS DA RAINHA,CALDAS DA RAINHA (SANTO ONOFRE),true
100617,10,06,17,CALDAS DA RAINHA,"NOSSA SENHORA DO POPULO, COTO E SÃO GREGORIO",false
100618,10,06,18,CALDAS DA RAINHA,CALDAS DA RAINHA - SANTO ONOFRE E SERRA DO BOURO,false
100619,10,06,19,CALDAS DA RAINHA,TORNADA E SALIR DO PORTO,false
100701,10,07,01,CASTANHEIRA DE PERA,CASTANHEIRA DE PERA,true
100702,10,07,02,CASTANHEIRA DE PERA,COENTRAL,true
100703,10,07,03,CASTANHEIRA DE PERA,CASTANHEIRA DE PERA E COENTRAL,false
100801,10,08,01,FIGUEIRO DOS VINHOS,AGUDA,false
100802,10,08,02,FIGUEIRO DOS VINHOS,AREGA,false
100803,10,08,03,FIGUEIRO DOS VINHOS,CAMPELO,false
100804,10,08,04,FIGUEIRO DOS VINHOS,FIGUEIRO DOS VINHOS,true
100805,10,08,05,FIGUEIRO DOS VINHOS,BAIRRADAS,true
100806,10,08,06,FIGUEIRO DOS VINHOS,FIGUEIRO DOS VINHOS E BAIRRADAS,false
100901,10,09,01,LEIRIA,AMOR,false
100902,10,09,02,LEIRIA,ARRABAL,false
100903,10,09,03,LEIRIA,AZOIA,true
100904,10,09,04,LEIRIA,BAROSA,true
100905,10,09,05,LEIRIA,BARREIRA,true
100906,10,09,06,LEIRIA,BOA VISTA,true
100907,10,09,07,LEIRIA,CARANGUEJEIRA,false
100908,10,09,08,LEIRIA,CARVIDE,true
100909,10,09,09,LEIRIA,COIMBRÃO,false
100910,10,09,10,LEIRIA,COLMEIAS,true
100911,10,09,11,LEIRIA,CORTES,true
100912,10,09,12,LEIRIA,LEIRIA,true
100913,10,09,13,LEIRIA,MACEIRA,false
100914,10,09,14,LEIRIA,MARRAZES,true
100915,10,09,15,LEIRIA,MILAGRES,false
100916,10,09,16,LEIRIA,MONTE REAL,true
100917,10,09,17,LEIRIA,MONTE REDONDO,true
100918,10,09,18,LEIRIA,ORTIGOSA,true
100919,10,09,19,LEIRIA,PARCEIROS,true
100920,10,09,20,LEIRIA,POUSOS,true
100921,10,09,21,LEIRIA,REGUEIRA DE PONTES,false
100922,10,09,22,LEIRIA,SANTA CATARINA DA SERRA,true
100923,10,09,23,LEIRIA,SANTA EUFEMIA,true
100924,10,09,24,LEIRIA,SOUTO DA CARPALHOSA,true
100925,10,09,25,LEIRIA,BAJOUCA,false
100926,10,09,26,LEIRIA,BIDOEIRA DE CIMA,false
100927,10,09,27,LEIRIA,MEMORIA,true
100928,10,09,28,LEIRIA,CARREIRA,true
100929,10,09,29,LEIRIA,CHAINÇA,true
100932,10,09,32,LEIRIA,COLMEIAS E MEMORIA,false
100933,10,09,33,LEIRIA,"LEIRIA, POUSOS, BARREIRA E CORTES",false
100934,10,09,34,LEIRIA,MARRAZES E BAROSA,false
100935,10,09,35,LEIRIA,MONTE REAL E CARVIDE,false
100936,10,09,36,LEIRIA,MONTE REDONDO E CARREIRA,false
100937,10,09,37,LEIRIA,PARCEIROS E AZOIA,false
100938,10,09,38,LEIRIA,SANTA CATARINA DA SERRA E CHAINÇA,false
100939,10,09,39,LEIRIA,SANTA EUFEMIA E BOA VISTA,false
100940,10,09,40,LEIRIA,SOUTO DA CARPALHOSA E ORTIGOSA,false
101001,10,10,01,MARINHA GRANDE,MARINHA GRANDE,false
101002,10,10,02,MARINHA GRANDE,VIEIRA DE LEIRIA,false
101003,10,10,03,MARINHA GRANDE,MOITA,false
101101,10,11,01,NAZARE,FAMALICÃO,false
101102,10,11,02,NAZARE,NAZARE,false
101103,10,11,03,NAZARE,VALADO DOS FRADES,false
101201,10,12,01,OBIDOS,A DOS NEGROS,false
101202,10,12,02,OBIDOS,AMOREIRA,false
101203,10,12,03,OBIDOS,OLHO MARINHO,false
101204,10,12,04,OBIDOS,OBIDOS (SANTA MARIA),true
101205,10,12,05,OBIDOS,OBIDOS (SÃO PEDRO),true
101206,10,12,06,OBIDOS,SOBRAL DA LAGOA,true
101207,10,12,07,OBIDOS,VAU,false
101208,10,12,08,OBIDOS,GAEIRAS,false
101209,10,12,09,OBIDOS,USSEIRA,false
101210,10,12,10,OBIDOS,"SANTA MARIA, SÃO PEDRO E SOBRAL DA LAGOA",false
101301,10,13,01,PEDROGÃO GRANDE,GRAÇA,false
101302,10,13,02,PEDROGÃO GRANDE,PEDROGÃO GRANDE,false
101303,10,13,03,PEDROGÃO GRANDE,VILA FACAIA,false
101401,10,14,01,PENICHE,PENICHE (AJUDA),true
101402,10,14,02,PENICHE,ATOUGUIA DA BALEIA,false
101403,10,14,03,PENICHE,PENICHE (CONCEIÇÃO),true
101404,10,14,04,PENICHE,PENICHE (SÃO PEDRO),true
101405,10,14,05,PENICHE,SERRA D EL-REI,false
101406,10,14,06,PENICHE,FERREL,false
101407,10,14,07,PENICHE,PENICHE,false
101501,10,15,01,POMBAL,ABIUL,false
101502,10,15,02,POMBAL,ALBERGARIA DOS DOZE,true
101503,10,15,03,POMBAL,ALMAGREIRA,false
101504,10,15,04,POMBAL,CARNIDE,false
101505,10,15,05,POMBAL,CARRIÇO,false
101506,10,15,06,POMBAL,LOURIÇAL,false
101507,10,15,07,POMBAL,MATA MOURISCA,true
101508,10,15,08,POMBAL,PELARIGA,false
101509,10,15,09,POMBAL,POMBAL,false
101510,10,15,10,POMBAL,REDINHA,false
101511,10,15,11,POMBAL,SANTIAGO DE LITEM,true
101512,10,15,12,POMBAL,SÃO SIMÃO DE LITEM,true
101513,10,15,13,POMBAL,VERMOIL,false
101514,10,15,14,POMBAL,VILA CÃ,false
101515,10,15,15,POMBAL,MEIRINHAS,false
101516,10,15,16,POMBAL,GUIA,true
101517,10,15,17,POMBAL,ILHA,true
101518,10,15,18,POMBAL,"GUIA, ILHA E MATA MOURISCA",false
101519,10,15,19,POMBAL,SANTIAGO E S.SIMÃO DE LITEM E ALBERGARIA DOS DOZE,false
101601,10,16,01,PORTO DE MOS,ALCARIA,true
101602,10,16,02,PORTO DE MOS,ALQUEIDÃO DA SERRA,false
101603,10,16,03,PORTO DE MOS,ALVADOS,true
101604,10,16,04,PORTO DE MOS,ARRIMAL,true
101605,10,16,05,PORTO DE MOS,CALVARIA DE CIMA,false
101606,10,16,06,PORTO DE MOS,JUNCAL,false
101607,10,16,07,PORTO DE MOS,MENDIGA,true
101608,10,16,08,PORTO DE MOS,MIRA DE AIRE,false
101609,10,16,09,PORTO DE MOS,PEDREIRAS,false
101610,10,16,10,PORTO DE MOS,S. BENTO,false
101611,10,16,11,PORTO DE MOS,PORTO DE MOS (SÃO JOÃO BAPTISTA),true
101612,10,16,12,PORTO DE MOS,PORTO DE MOS (SÃO PEDRO),true
101613,10,16,13,PORTO DE MOS,SERRO VENTOSO,false
101614,10,16,14,PORTO DE MOS,PORTO DE MOS - SÃO JOÃO BAPTISTA E SÃO PEDRO,false
101615,10,16,15,PORTO DE MOS,ALVADOS E ALCARIA,false
101616,10,16,16,PORTO DE MOS,ARRIMAL E MENDIGA,false
110101,11,01,01,ALENQUER,ABRIGADA,true
110102,11,01,02,ALENQUER,ALDEIA GALEGA DA MERCEANA,true
110103,11,01,03,ALENQUER,ALDEIA GAVINHA,true
110104,11,01,04,ALENQUER,CABANAS DE TORRES,true
110105,11,01,05,ALENQUER,CADAFAIS,true
110106,11,01,06,ALENQUER,CARNOTA,false
110107,11,01,07,ALENQUER,MECA,false
110108,11,01,08,ALENQUER,OLHALVO,false
110109,11,01,09,ALENQUER,OTA,false
110110,11,01,10,ALENQUER,PEREIRO DE PALHACANA,true
110111,11,01,11,ALENQUER,ALENQUER (SANTO ESTEVÃO),true
110112,11,01,12,ALENQUER,ALENQUER (TRIANA),true
110113,11,01,13,ALENQUER,VENTOSA,false
110114,11,01,14,ALENQUER,VILA VERDE DOS FRANCOS,false
110115,11,01,15,ALENQUER,CARREGADO,true
110116,11,01,16,ALENQUER,RIBAFRIA,true
110117,11,01,17,ALENQUER,ABRIGADA E CABANAS DE TORRES,false
110118,11,01,18,ALENQUER,ALDEIA GALEGA DA MERCEANA E ALDEIA GAVINHA,false
110119,11,01,19,ALENQUER,ALENQUER (SANTO ESTEVÃO E TRIANA),false
110120,11,01,20,ALENQUER,CARREGADO E CADAFAIS,false
110121,11,01,21,ALENQUER,RIBAFRIA E PEREIRO DE PALHACANA,false
110201,11,02,01,ARRUDA DOS VINHOS,ARRANHO,false
110202,11,02,02,ARRUDA DOS VINHOS,ARRUDA DOS VINHOS,false
110203,11,02,03,ARRUDA DOS VINHOS,CARDOSAS,false
110204,11,02,04,ARRUDA DOS VINHOS,SANTIAGO DOS VELHOS,false
110301,11,03,01,AZAMBUJA,ALCOENTRE,false
110302,11,03,02,AZAMBUJA,AVEIRAS DE BAIXO,false
110303,11,03,03,AZAMBUJA,AVEIRAS DE CIMA,false
110304,11,03,04,AZAMBUJA,AZAMBUJA,false
110305,11,03,05,AZAMBUJA,MANIQUE DO INTENDENTE,true
110306,11,03,06,AZAMBUJA,VALE DO PARAISO,false
110307,11,03,07,AZAMBUJA,VILA NOVA DA RAINHA,false
110308,11,03,08,AZAMBUJA,VILA NOVA DE SÃO PEDRO,true
110309,11,03,09,AZAMBUJA,MAÇUSSA,true
110310,11,03,10,AZAMBUJA,"MANIQUE DO INTENDENTE, V.N.DE S.PEDRO E MAÇUSSA",false
110401,11,04,01,CADAVAL,ALGUBER,false
110402,11,04,02,CADAVAL,CADAVAL,true
110403,11,04,03,CADAVAL,CERCAL,true
110404,11,04,04,CADAVAL,FIGUEIROS,true
110405,11,04,05,CADAVAL,LAMAS,true
110406,11,04,06,CADAVAL,PAINHO,true
110407,11,04,07,CADAVAL,PERAL,false
110408,11,04,08,CADAVAL,PERO MONIZ,true
110409,11,04,09,CADAVAL,VERMELHA,false
110410,11,04,10,CADAVAL,VILAR,false
110411,11,04,11,CADAVAL,CADAVAL E PERO MONIZ,false
110412,11,04,12,CADAVAL,LAMAS E CERCAL,false
110413,11,04,13,CADAVAL,PAINHO E FIGUEIROS,false
110501,11,05,01,CASCAIS,ALCABIDECHE,false
110502,11,05,02,CASCAIS,CARCAVELOS,true
110503,11,05,03,CASCAIS,CASCAIS,true
110504,11,05,04,CASCAIS,ESTORIL,true
110505,11,05,05,CASCAIS,PAREDE,true
110506,11,05,06,CASCAIS,S. DOMINGOS DE RANA,false
110507,11,05,07,CASCAIS,CARCAVELOS E PAREDE,false
110508,11,05,08,CASCAIS,CASCAIS E ESTORIL,false
110601,11,06,01,LISBOA,AJUDA,false
110602,11,06,02,LISBOA,ALCANTARA,false
110603,11,06,03,LISBOA,ALTO DO PINA,true
110604,11,06,04,LISBOA,ALVALADE,true
110605,11,06,05,LISBOA,AMEIXOEIRA,true
110606,11,06,06,LISBOA,ANJOS,true
110607,11,06,07,LISBOA,BEATO,false
110608,11,06,08,LISBOA,BENFICA,false
110609,11,06,09,LISBOA,CAMPO GRANDE,true
110610,11,06,10,LISBOA,CAMPOLIDE,false
110611,11,06,11,LISBOA,CARNIDE,false
110612,11,06,12,LISBOA,CASTELO,true
110613,11,06,13,LISBOA,CHARNECA,true
110614,11,06,14,LISBOA,CORAÇÃO DE JESUS,true
110615,11,06,15,LISBOA,ENCARNAÇÃO,true
110616,11,06,16,LISBOA,GRAÇA,true
110617,11,06,17,LISBOA,LAPA,true
110618,11,06,18,LISBOA,LUMIAR,false
110619,11,06,19,LISBOA,MADALENA,true
110620,11,06,20,LISBOA,MARTIRES,true
110621,11,06,21,LISBOA,MARVILA,false
110622,11,06,22,LISBOA,MERCES,true
110623,11,06,23,LISBOA,NOSSA SENHORA DE FATIMA,true
110624,11,06,24,LISBOA,PENA,true
110625,11,06,25,LISBOA,PENHA DE FRANÇA,true
110626,11,06,26,LISBOA,PRAZERES,true
110627,11,06,27,LISBOA,SACRAMENTO,true
110628,11,06,28,LISBOA,SANTA CATARINA,true
110629,11,06,29,LISBOA,SANTA ENGRACIA,true
110630,11,06,30,LISBOA,SANTA ISABEL,true
110631,11,06,31,LISBOA,SANTA JUSTA,true
110632,11,06,32,LISBOA,SANTA MARIA DE BELEM,true
110633,11,06,33,LISBOA,OLIVAIS,false
110634,11,06,34,LISBOA,SANTIAGO,true
110635,11,06,35,LISBOA,SANTO CONDESTAVEL,true
110636,11,06,36,LISBOA,SANTO ESTEVÃO,true
110637,11,06,37,LISBOA,SANTOS-O-VELHO,true
110638,11,06,38,LISBOA,SÃO CRISTOVÃO,true
110639,11,06,39,LISBOA,S. DOMINGOS DE BENFICA,false
110640,11,06,40,LISBOA,SÃO FRANCISCO XAVIER,true
110641,11,06,41,LISBOA,SÃO JOÃO,true
110642,11,06,42,LISBOA,SÃO JOÃO DE BRITO,true
110643,11,06,43,LISBOA,SÃO JOÃO DE DEUS,true
110644,11,06,44,LISBOA,SÃO JORGE DE ARROIOS,true
110645,11,06,45,LISBOA,SÃO JOSE,true
110646,11,06,46,LISBOA,SÃO MAMEDE,true
110647,11,06,47,LISBOA,SÃO MIGUEL,true
110648,11,06,48,LISBOA,SÃO NICOLAU,true
110649,11,06,49,LISBOA,SÃO PAULO,true
110650,11,06,50,LISBOA,SÃO SEBASTIÃO DA PEDREIRA,true
110651,11,06,51,LISBOA,SÃO VICENTE DE FORA,true
110652,11,06,52,LISBOA,SE,true
110653,11,06,53,LISBOA,SOCORRO,true
110654,11,06,54,LISBOA,ALVALADE,false
110655,11,06,55,LISBOA,AREEIRO,false
110656,11,06,56,LISBOA,ARROIOS,false
110657,11,06,57,LISBOA,AVENIDAS NOVAS,false
110658,11,06,58,LISBOA,BELEM,false
110659,11,06,59,LISBOA,CAMPO DE OURIQUE,false
110660,11,06,60,LISBOA,ESTRELA,false
110661,11,06,61,LISBOA,MISERICORDIA,false
110662,11,06,62,LISBOA,PARQUE DAS NAÇÕES,false
110663,11,06,63,LISBOA,PENHA DE FRANÇA,false
110664,11,06,64,LISBOA,SANTA CLARA,false
110665,11,06,65,LISBOA,SANTA MARIA MAIOR,false
110666,11,06,66,LISBOA,SANTO ANTONIO,false
110667,11,06,67,LISBOA,SÃO VICENTE,false
110701,11,07,01,LOURES,APELAÇÃO,true
110702,11,07,02,LOURES,BUCELAS,false
110703,11,07,03,LOURES,CAMARATE,true
110704,11,07,04,LOURES,CANEÇAS,true
110705,11,07,05,LOURES,FANHÕES,false
110706,11,07,06,LOURES,FRIELAS,true
110707,11,07,07,LOURES,LOURES,false
110708,11,07,08,LOURES,LOUSA,false
110709,11,07,09,LOURES,MOSCAVIDE,true
110710,11,07,10,LOURES,ODIVELAS,true
110711,11,07,11,LOURES,POVOA DE SANTO ADRIÃO,true
110712,11,07,12,LOURES,SACAVEM,true
110713,11,07,13,LOURES,SANTA IRIA DE AZOIA,true
110714,11,07,14,LOURES,SANTO ANTÃO DO TOJAL,true
110715,11,07,15,LOURES,SÃO JOÃO DA TALHA,true
110716,11,07,16,LOURES,SÃO JULIÃO DO TOJAL,true
110717,11,07,17,LOURES,UNHOS,true
110718,11,07,18,LOURES,PONTINHA,true
110719,11,07,19,LOURES,PORTELA,true
110720,11,07,20,LOURES,FAMÕES,true
110721,11,07,21,LOURES,RAMADA,true
110722,11,07,22,LOURES,BOBADELA,true
110723,11,07,23,LOURES,PRIOR VELHO,true
110724,11,07,24,LOURES,SANTO ANTONIO DOS CAVALEIROS,true
110725,11,07,25,LOURES,OLIVAL DE BASTO,true
110726,11,07,26,LOURES,MOSCAVIDE E PORTELA,false
110727,11,07,27,LOURES,SACAVEM E PRIOR VELHO,false
110728,11,07,28,LOURES,"SANTA IRIA DE AZOIA, SÃO JOÃO DA TALHA E BOBADELA",false
110729,11,07,29,LOURES,SANTO ANTÃO E SÃO JULIÃO DO TOJAL,false
110730,11,07,30,LOURES,SANTO ANTONIO DOS CAVALEIROS E FRIELAS,false
110731,11,07,31,LOURES,"CAMARATE, UNHOS E APELAÇÃO",false
110801,11,08,01,LOURINHÃ,LOURINHÃ,true
110802,11,08,02,LOURINHÃ,MIRAGAIA,true
110803,11,08,03,LOURINHÃ,MOITA DOS FERREIROS,false
110804,11,08,04,LOURINHÃ,MOLEDO,true
110805,11,08,05,LOURINHÃ,REGUENGO GRANDE,false
110806,11,08,06,LOURINHÃ,SANTA BARBARA,false
110807,11,08,07,LOURINHÃ,SÃO BARTOLOMEU DOS GALEGOS,true
110808,11,08,08,LOURINHÃ,VIMEIRO,false
110809,11,08,09,LOURINHÃ,MARTELEIRA,true
110810,11,08,10,LOURINHÃ,RIBAMAR,false
110811,11,08,11,LOURINHÃ,ATALAIA,true
110812,11,08,12,LOURINHÃ,LOURINHÃ E ATALAIA,false
110813,11,08,13,LOURINHÃ,MIRAGAIA E MARTELEIRA,false
110814,11,08,14,LOURINHÃ,SÃO BARTOLOMEU DOS GALEGOS E MOLEDO,false
110901,11,09,01,MAFRA,AZUEIRA,true
110902,11,09,02,MAFRA,CARVOEIRA,false
110903,11,09,03,MAFRA,CHELEIROS,true
110904,11,09,04,MAFRA,ENCARNAÇÃO,false
110905,11,09,05,MAFRA,ENXARA DO BISPO,true
110906,11,09,06,MAFRA,ERICEIRA,false
110907,11,09,07,MAFRA,GRADIL,true
110908,11,09,08,MAFRA,IGREJA NOVA,true
110909,11,09,09,MAFRA,MAFRA,false
110910,11,09,10,MAFRA,MALVEIRA,true
110911,11,09,11,MAFRA,MILHARADO,false
110912,11,09,12,MAFRA,SANTO ESTEVÃO DAS GALES,true
110913,11,09,13,MAFRA,SANTO ISIDORO,false
110914,11,09,14,MAFRA,SOBRAL DA ABELHEIRA,true
110915,11,09,15,MAFRA,VILA FRANCA DO ROSARIO,true
110916,11,09,16,MAFRA,VENDA DO PINHEIRO,true
110917,11,09,17,MAFRA,SÃO MIGUEL DE ALCAINÇA,true
110918,11,09,18,MAFRA,AZUEIRA E SOBRAL DA ABELHEIRA,false
110919,11,09,19,MAFRA,"ENXARA DO BISPO, GRADIL E VILA FRANCA DO ROSARIO",false
110920,11,09,20,MAFRA,IGREJA NOVA E CHELEIROS,false
110921,11,09,21,MAFRA,MALVEIRA E SÃO MIGUEL DE ALCAINÇA,false
110922,11,09,22,MAFRA,VENDA DO PINHEIRO E SANTO ESTEVÃO DAS GALES,false
111001,11,10,01,OEIRAS,AMADORA,true
111002,11,10,02,OEIRAS,BARCARENA,false
111003,11,10,03,OEIRAS,CARNAXIDE,true
111004,11,10,04,OEIRAS,OEIRAS E SÃO JULIÃO DA BARRA,true
111005,11,10,05,OEIRAS,PAÇO DE ARCOS,true
111006,11,10,06,OEIRAS,LINDA-A-VELHA,true
111007,11,10,07,OEIRAS,QUEIJAS,true
111008,11,10,08,OEIRAS,CRUZ QUEBRADA-DAFUNDO,true
111009,11,10,09,OEIRAS,ALGES,true
111010,11,10,10,OEIRAS,PORTO SALVO,false
111011,11,10,11,OEIRAS,CAXIAS,true
111012,11,10,12,OEIRAS,"ALGES, LINDA-A-VELHA E CRUZ QUEBRADA-DAFUNDO",false
111013,11,10,13,OEIRAS,CARNAXIDE E QUEIJAS,false
111014,11,10,14,OEIRAS,"OEIRAS E S.JULIÃO DA BARRA, PAÇO DE ARCOS E CAXIAS",false
111101,11,11,01,SINTRA,AGUALVA-CACEM,true
111102,11,11,02,SINTRA,ALGUEIRÃO-MEM MARTINS,false
111103,11,11,03,SINTRA,ALMARGEM DO BISPO,true
111104,11,11,04,SINTRA,BELAS,true
111105,11,11,05,SINTRA,COLARES,false
111106,11,11,06,SINTRA,MONTELAVAR,true
111107,11,11,07,SINTRA,QUELUZ,true
111108,11,11,08,SINTRA,RIO DE MOURO,false
111109,11,11,09,SINTRA,SINTRA (SANTA MARIA E SÃO MIGUEL),true
111110,11,11,10,SINTRA,SÃO JOÃO DAS LAMPAS,true
111111,11,11,11,SINTRA,SINTRA(SÃO MARTINHO),true
111112,11,11,12,SINTRA,SINTRA (SÃO PEDRO DE PENAFERRIM),true
111113,11,11,13,SINTRA,TERRUGEM,true
111114,11,11,14,SINTRA,PERO PINHEIRO,true
111115,11,11,15,SINTRA,CASAL DE CAMBRA,false
111116,11,11,16,SINTRA,MASSAMA,true
111117,11,11,17,SINTRA,MONTE ABRAÃO,true
111118,11,11,18,SINTRA,AGUALVA,true
111119,11,11,19,SINTRA,CACEM,true
111120,11,11,20,SINTRA,MIRA-SINTRA,true
111121,11,11,21,SINTRA,SÃO MARCOS,true
111122,11,11,22,SINTRA,AGUALVA E MIRA-SINTRA,false
111123,11,11,23,SINTRA,"ALMARGEM DO BISPO, PERO PINHEIRO E MONTELAVAR",false
111124,11,11,24,SINTRA,CACEM E SÃO MARCOS,false
111125,11,11,25,SINTRA,MASSAMA E MONTE ABRAÃO,false
111126,11,11,26,SINTRA,QUELUZ E BELAS,false
111127,11,11,27,SINTRA,SÃO JOÃO DAS LAMPAS E TERRUGEM,false
111128,11,11,28,SINTRA,"S.MARIA E S.MIGUEL, S.MARTINHO, S.PEDRO PENAFERRIM",false
111201,11,12,01,SOBRAL DE MONTE AGRAÇO,SANTO QUINTINO,false
111202,11,12,02,SOBRAL DE MONTE AGRAÇO,SAPATARIA,false
111203,11,12,03,SOBRAL DE MONTE AGRAÇO,SOBRAL DE MONTE AGRAÇO,false
111301,11,13,01,TORRES VEDRAS,A DOS CUNHADOS,true
111302,11,13,02,TORRES VEDRAS,CAMPELOS,true
111303,11,13,03,TORRES VEDRAS,CARMÕES,true
111304,11,13,04,TORRES VEDRAS,CARVOEIRA,true
111305,11,13,05,TORRES VEDRAS,DOIS PORTOS,true
111306,11,13,06,TORRES VEDRAS,FREIRIA,false
111307,11,13,07,TORRES VEDRAS,MATACÃES,true
111308,11,13,08,TORRES VEDRAS,MAXIAL,true
111309,11,13,09,TORRES VEDRAS,MONTE REDONDO,true
111310,11,13,10,TORRES VEDRAS,PONTE DO ROL,false
111311,11,13,11,TORRES VEDRAS,RAMALHAL,false
111312,11,13,12,TORRES VEDRAS,RUNA,true
111313,11,13,13,TORRES VEDRAS,TORRES VEDRAS (STA M.CASTELO E S.MIGUEL),true
111314,11,13,14,TORRES VEDRAS,S. PEDRO DA CADEIRA,false
111315,11,13,15,TORRES VEDRAS,TORRES VEDRAS (SÃO PEDRO E SANTIAGO),true
111316,11,13,16,TORRES VEDRAS,SILVEIRA,false
111317,11,13,17,TORRES VEDRAS,TURCIFAL,false
111318,11,13,18,TORRES VEDRAS,VENTOSA,false
111319,11,13,19,TORRES VEDRAS,OUTEIRO DA CABEÇA,true
111320,11,13,20,TORRES VEDRAS,MACEIRA,true
111321,11,13,21,TORRES VEDRAS,A DOS CUNHADOS E MACEIRA,false
111322,11,13,22,TORRES VEDRAS,CAMPELOS E OUTEIRO DA CABEÇA,false
111323,11,13,23,TORRES VEDRAS,CARVOEIRA E CARMÕES,false
111324,11,13,24,TORRES VEDRAS,DOIS PORTOS E RUNA,false
111325,11,13,25,TORRES VEDRAS,MAXIAL E MONTE REDONDO,false
111326,11,13,26,TORRES VEDRAS,"S.P., SANTIAGO, S.M. CASTELO E S.MIGUEL, MATACÃES",false
111401,11,14,01,VILA FRANCA DE XIRA,ALHANDRA,true
111402,11,14,02,VILA FRANCA DE XIRA,ALVERCA DO RIBATEJO,true
111403,11,14,03,VILA FRANCA DE XIRA,CACHOEIRAS,true
111404,11,14,04,VILA FRANCA DE XIRA,CALHANDRIZ,true
111405,11,14,05,VILA FRANCA DE XIRA,CASTANHEIRA DO RIBATEJO,true
111406,11,14,06,VILA FRANCA DE XIRA,POVOA DE SANTA IRIA,true
111407,11,14,07,VILA FRANCA DE XIRA,SÃO JOÃO DOS MONTES,true
111408,11,14,08,VILA FRANCA DE XIRA,VIALONGA,false
111409,11,14,09,VILA FRANCA DE XIRA,VILA FRANCA DE XIRA,false
111410,11,14,10,VILA FRANCA DE XIRA,SOBRALINHO,true
111411,11,14,11,VILA FRANCA DE XIRA,FORTE DA CASA,true
111412,11,14,12,VILA FRANCA DE XIRA,"ALHANDRA, SÃO JOÃO DOS MONTES E CALHANDRIZ",false
111413,11,14,13,VILA FRANCA DE XIRA,ALVERCA DO RIBATEJO E SOBRALINHO,false
111414,11,14,14,VILA FRANCA DE XIRA,CASTANHEIRA DO RIBATEJO E CACHOEIRAS,false
111415,11,14,15,VILA FRANCA DE XIRA,POVOA DE SANTA IRIA E FORTE DA CASA,false
111501,11,15,01,AMADORA,ALFRAGIDE,true
111502,11,15,02,AMADORA,BRANDOA,true
111503,11,15,03,AMADORA,BURACA,true
111504,11,15,04,AMADORA,DAMAIA,true
111505,11,15,05,AMADORA,FALAGUEIRA,true
111506,11,15,06,AMADORA,MINA,true
111507,11,15,07,AMADORA,REBOLEIRA,true
111508,11,15,08,AMADORA,VENTEIRA,true
111509,11,15,09,AMADORA,ALFORNELOS,true
111510,11,15,10,AMADORA,SÃO BRAS,true
111511,11,15,11,AMADORA,VENDA NOVA,true
111512,11,15,12,AMADORA,ALFRAGIDE,false
111513,11,15,13,AMADORA,AGUAS LIVRES,false
111514,11,15,14,AMADORA,ENCOSTA DO SOL,false
111515,11,15,15,AMADORA,FALAGUEIRA-VENDA NOVA,false
111516,11,15,16,AMADORA,MINA DE AGUA,false
111517,11,15,17,AMADORA,VENTEIRA,false
111601,11,16,01,ODIVELAS,CANEÇAS,true
111602,11,16,02,ODIVELAS,FAMÕES,true
111603,11,16,03,ODIVELAS,ODIVELAS,false
111604,11,16,04,ODIVELAS,OLIVAL BASTO,true
111605,11,16,05,ODIVELAS,PONTINHA,true
111606,11,16,06,ODIVELAS,POVOA DE SANTO ADRIÃO,true
111607,11,16,07,ODIVELAS,RAMADA,true
111608,11,16,08,ODIVELAS,PONTINHA E FAMÕES,false
111609,11,16,09,ODIVELAS,POVOA DE SANTO ADRIÃO E OLIVAL BASTO,false
111610,11,16,10,ODIVELAS,RAMADA E CANEÇAS,false
120101,12,01,01,ALTER DO CHÃO,ALTER DO CHÃO,false
120102,12,01,02,ALTER DO CHÃO,CHANCELARIA,false
120103,12,01,03,ALTER DO CHÃO,SEDA,false
120104,12,01,04,ALTER DO CHÃO,CUNHEIRA,false
120201,12,02,01,ARRONCHES,ASSUNÇÃO,false
120202,12,02,02,ARRONCHES,ESPERANÇA,false
120203,12,02,03,ARRONCHES,MOSTEIROS,false
120301,12,03,01,AVIS,ALCORREGO,true
120302,12,03,02,AVIS,ALDEIA VELHA,false
120303,12,03,03,AVIS,AVIS,false
120304,12,03,04,AVIS,BENAVILA,true
120305,12,03,05,AVIS,ERVEDAL,false
120306,12,03,06,AVIS,FIGUEIRA E BARROS,false
120307,12,03,07,AVIS,MARANHÃO,true
120308,12,03,08,AVIS,VALONGO,true
120309,12,03,09,AVIS,ALCORREGO E MARANHÃO,false
120310,12,03,10,AVIS,BENAVILA E VALONGO,false
120401,12,04,01,CAMPO MAIOR,NOSSA SENHORA DA EXPECTAÇÃO,false
120402,12,04,02,CAMPO MAIOR,NOSSA SENHORA DA GRAÇA DOS DEGOLADOS,false
120403,12,04,03,CAMPO MAIOR,S. JOÃO BAPTISTA,false
120501,12,05,01,CASTELO DE VIDE,NOSSA SENHORA DA GRAÇA DE POVOA E MEADAS,false
120502,12,05,02,CASTELO DE VIDE,SANTA MARIA DA DEVESA,false
120503,12,05,03,CASTELO DE VIDE,SANTIAGO MAIOR,false
120504,12,05,04,CASTELO DE VIDE,S. JOÃO BAPTISTA,false
120601,12,06,01,CRATO,ALDEIA DA MATA,false
120602,12,06,02,CRATO,CRATO E MARTIRES,true
120603,12,06,03,CRATO,FLOR DA ROSA,true
120604,12,06,04,CRATO,GAFETE,false
120605,12,06,05,CRATO,MONTE DA PEDRA,false
120606,12,06,06,CRATO,VALE DO PESO,true
120607,12,06,07,CRATO,"CRATO E MARTIRES, FLOR DA ROSA E VALE DO PESO",false
120701,12,07,01,ELVAS,"AJUDA, SALVADOR E SANTO ILDEFONSO",true
120702,12,07,02,ELVAS,ALCAÇOVA,true
120703,12,07,03,ELVAS,ASSUNÇÃO,true
120704,12,07,04,ELVAS,BARBACENA,true
120705,12,07,05,ELVAS,CAIA E SÃO PEDRO,true
120706,12,07,06,ELVAS,SANTA EULALIA,false
120707,12,07,07,ELVAS,S. BRAS E S. LOURENÇO,false
120708,12,07,08,ELVAS,S. VICENTE E VENTOSA,false
120709,12,07,09,ELVAS,TERRUGEM,true
120710,12,07,10,ELVAS,VILA BOIM,true
120711,12,07,11,ELVAS,VILA FERNANDO,true
120712,12,07,12,ELVAS,"ASSUNÇÃO, AJUDA, SALVADOR E SANTO ILDEFONSO",false
120713,12,07,13,ELVAS,"CAIA, SÃO PEDRO E ALCAÇOVA",false
120714,12,07,14,ELVAS,BARBACENA E VILA FERNANDO,false
120715,12,07,15,ELVAS,TERRUGEM E VILA BOIM,false
120801,12,08,01,FRONTEIRA,CABEÇO DE VIDE,false
120802,12,08,02,FRONTEIRA,FRONTEIRA,false
120803,12,08,03,FRONTEIRA,S. SATURNINO,false
120901,12,09,01,GAVIÃO,ATALAIA,true
120902,12,09,02,GAVIÃO,BELVER,false
120903,12,09,03,GAVIÃO,COMENDA,false
120904,12,09,04,GAVIÃO,GAVIÃO,true
120905,12,09,05,GAVIÃO,MARGEM,false
120906,12,09,06,GAVIÃO,GAVIÃO E ATALAIA,false
121001,12,10,01,MARVÃO,BEIRÃ,false
121002,12,10,02,MARVÃO,SANTA MARIA DE MARVÃO,false
121003,12,10,03,MARVÃO,SANTO ANTONIO DAS AREIAS,false
121004,12,10,04,MARVÃO,S. SALVADOR DA ARAMENHA,false
121101,12,11,01,MONFORTE,ASSUMAR,false
121102,12,11,02,MONFORTE,MONFORTE,false
121103,12,11,03,MONFORTE,SANTO ALEIXO,false
121104,12,11,04,MONFORTE,VAIAMONTE,false
121201,12,12,01,NISA,ALPALHÃO,false
121202,12,12,02,NISA,AMIEIRA DO TEJO,true
121203,12,12,03,NISA,AREZ,true
121204,12,12,04,NISA,ESPIRITO SANTO,true
121205,12,12,05,NISA,MONTALVÃO,false
121206,12,12,06,NISA,NOSSA SENHORA DA GRAÇA,true
121207,12,12,07,NISA,SANTANA,false
121208,12,12,08,NISA,S. MATIAS,false
121209,12,12,09,NISA,SÃO SIMÃO,true
121210,12,12,10,NISA,TOLOSA,false
121211,12,12,11,NISA,AREZ E AMIEIRA DO TEJO,false
121212,12,12,12,NISA,"ESPIRITO SANTO, NOSSA SENHORA DA GRAÇA E SÃO SIMÃO",false
121301,12,13,01,PONTE DE SOR,GALVEIAS,false
121302,12,13,02,PONTE DE SOR,MONTARGIL,false
121303,12,13,03,PONTE DE SOR,PONTE DE SOR,true
121304,12,13,04,PONTE DE SOR,FOROS DE ARRÃO,false
121305,12,13,05,PONTE DE SOR,LONGOMEL,false
121306,12,13,06,PONTE DE SOR,VALE DE AÇOR,true
121307,12,13,07,PONTE DE SOR,TRAMAGA,true
121308,12,13,08,PONTE DE SOR,"PONTE DE SOR, TRAMAGA E VALE DE AÇOR",false
121401,12,14,01,PORTALEGRE,ALAGOA,false
121402,12,14,02,PORTALEGRE,ALEGRETE,false
121403,12,14,03,PORTALEGRE,CARREIRAS,true
121404,12,14,04,PORTALEGRE,FORTIOS,false
121405,12,14,05,PORTALEGRE,REGUENGO,true
121406,12,14,06,PORTALEGRE,RIBEIRA DE NISA,true
121407,12,14,07,PORTALEGRE,SÃO JULIÃO,true
121408,12,14,08,PORTALEGRE,SÃO LOURENÇO,true
121409,12,14,09,PORTALEGRE,SE,true
121410,12,14,10,PORTALEGRE,URRA,false
121411,12,14,11,PORTALEGRE,SE E SÃO LOURENÇO,false
121412,12,14,12,PORTALEGRE,REGUENGO E SÃO JULIÃO,false
121413,12,14,13,PORTALEGRE,RIBEIRA DE NISA E CARREIRAS,false
121501,12,15,01,SOUSEL,CANO,false
121502,12,15,02,SOUSEL,CASA BRANCA,false
121503,12,15,03,SOUSEL,SANTO AMARO,false
121504,12,15,04,SOUSEL,SOUSEL,false
130101,13,01,01,AMARANTE,ABOADELA,true
130102,13,01,02,AMARANTE,ABOIM,true
130103,13,01,03,AMARANTE,ANSIÃES,false
130104,13,01,04,AMARANTE,ATAIDE,true
130105,13,01,05,AMARANTE,BUSTELO,true
130106,13,01,06,AMARANTE,CANADELO,true
130107,13,01,07,AMARANTE,CANDEMIL,false
130108,13,01,08,AMARANTE,CARNEIRO,true
130109,13,01,09,AMARANTE,CARVALHO DE REI,true
130110,13,01,10,AMARANTE,CEPELOS,true
130111,13,01,11,AMARANTE,CHAPA,true
130112,13,01,12,AMARANTE,FREGIM,false
130113,13,01,13,AMARANTE,FREIXO DE BAIXO,true
130114,13,01,14,AMARANTE,FREIXO DE CIMA,true
130115,13,01,15,AMARANTE,FRIDÃO,false
130116,13,01,16,AMARANTE,GATÃO,true
130117,13,01,17,AMARANTE,GONDAR,false
130118,13,01,18,AMARANTE,JAZENTE,false
130119,13,01,19,AMARANTE,LOMBA,false
130120,13,01,20,AMARANTE,LOUREDO,false
130121,13,01,21,AMARANTE,LUFREI,false
130122,13,01,22,AMARANTE,MADALENA,true
130123,13,01,23,AMARANTE,MANCELOS,false
130124,13,01,24,AMARANTE,OLIVEIRA,true
130125,13,01,25,AMARANTE,OLO,true
130126,13,01,26,AMARANTE,PADRONELO,false
130127,13,01,27,AMARANTE,REAL,true
130128,13,01,28,AMARANTE,REBORDELO,false
130129,13,01,29,AMARANTE,SALVADOR DO MONTE,false
130130,13,01,30,AMARANTE,SANCHE,true
130131,13,01,31,AMARANTE,FIGUEIRO (SANTA CRISTINA),true
130132,13,01,32,AMARANTE,FIGUEIRO (SANTIAGO),true
130133,13,01,33,AMARANTE,AMARANTE (SÃO GONÇALO),true
130134,13,01,34,AMARANTE,GOUVEIA (S. SIMÃO),false
130135,13,01,35,AMARANTE,TELÕES,false
130136,13,01,36,AMARANTE,TRAVANCA,false
130137,13,01,37,AMARANTE,VARZEA,true
130138,13,01,38,AMARANTE,VILA CAIZ,false
130139,13,01,39,AMARANTE,VILA CHÃO DO MARÃO,false
130140,13,01,40,AMARANTE,VILA GARCIA,true
130141,13,01,41,AMARANTE,"ABOADELA, SANCHE E VARZEA",false
130142,13,01,42,AMARANTE,"AMARANTE (SÃO GONÇALO), MADALENA, CEPELOS E GATÃO",false
130143,13,01,43,AMARANTE,"BUSTELO, CARNEIRO E CARVALHO DE REI",false
130144,13,01,44,AMARANTE,FIGUEIRO (SANTIAGO E SANTA CRISTINA),false
130145,13,01,45,AMARANTE,FREIXO DE CIMA E DE BAIXO,false
130146,13,01,46,AMARANTE,OLO E CANADELO,false
130147,13,01,47,AMARANTE,FREGUESIA DE VILA MEÃ,false
130148,13,01,48,AMARANTE,"VILA GARCIA, ABOIM E CHAPA",false
130201,13,02,01,BAIÃO,ANCEDE,true
130202,13,02,02,BAIÃO,CAMPELO,true
130203,13,02,03,BAIÃO,SÃO TOME DE COVELAS,true
130204,13,02,04,BAIÃO,FRENDE,false
130205,13,02,05,BAIÃO,GESTAÇO,false
130206,13,02,06,BAIÃO,GOVE,false
130207,13,02,07,BAIÃO,GRILO,false
130208,13,02,08,BAIÃO,LOIVOS DO MONTE,false
130209,13,02,09,BAIÃO,LOIVOS DA RIBEIRA,true
130210,13,02,10,BAIÃO,MESQUINHATA,true
130211,13,02,11,BAIÃO,OVIL,true
130212,13,02,12,BAIÃO,RIBADOURO,true
130213,13,02,13,BAIÃO,SANTA CRUZ DO DOURO,true
130214,13,02,14,BAIÃO,BAIÃO (SANTA LEOCADIA),true
130215,13,02,15,BAIÃO,SANTA MARINHA DO ZEZERE,false
130216,13,02,16,BAIÃO,TEIXEIRA,true
130217,13,02,17,BAIÃO,TEIXEIRO,true
130218,13,02,18,BAIÃO,TRESOURAS,true
130219,13,02,19,BAIÃO,VALADARES,false
130220,13,02,20,BAIÃO,VIARIZ,false
130221,13,02,21,BAIÃO,ANCEDE E RIBADOURO,false
130222,13,02,22,BAIÃO,BAIÃO (SANTA LEOCADIA) E MESQUINHATA,false
130223,13,02,23,BAIÃO,CAMPELO E OVIL,false
130224,13,02,24,BAIÃO,LOIVOS DA RIBEIRA E TRESOURAS,false
130225,13,02,25,BAIÃO,SANTA CRUZ DO DOURO E SÃO TOME DE COVELAS,false
130226,13,02,26,BAIÃO,TEIXEIRA E TEIXEIRO,false
130301,13,03,01,FELGUEIRAS,AIÃO,false
130302,13,03,02,FELGUEIRAS,AIRÃES,false
130303,13,03,03,FELGUEIRAS,BORBA DE GODIM,true
130304,13,03,04,FELGUEIRAS,CARAMOS,true
130305,13,03,05,FELGUEIRAS,FRIANDE,false
130306,13,03,06,FELGUEIRAS,IDÃES,false
130307,13,03,07,FELGUEIRAS,JUGUEIROS,false
130308,13,03,08,FELGUEIRAS,LAGARES,true
130309,13,03,09,FELGUEIRAS,LORDELO,true
130310,13,03,10,FELGUEIRAS,MACIEIRA DA LIXA,true
130311,13,03,11,FELGUEIRAS,MOURE,true
130312,13,03,12,FELGUEIRAS,PEDREIRA,true
130313,13,03,13,FELGUEIRAS,PENACOVA,false
130314,13,03,14,FELGUEIRAS,PINHEIRO,false
130315,13,03,15,FELGUEIRAS,POMBEIRO DE RIBAVIZELA,false
130316,13,03,16,FELGUEIRAS,RANDE,true
130317,13,03,17,FELGUEIRAS,REFONTOURA,false
130318,13,03,18,FELGUEIRAS,REGILDE,false
130319,13,03,19,FELGUEIRAS,REVINHADE,false
130320,13,03,20,FELGUEIRAS,MARGARIDE (SANTA EULALIA),true
130321,13,03,21,FELGUEIRAS,SANTÃO,true
130322,13,03,22,FELGUEIRAS,VIZELA (SANTO ADRIÃO),true
130323,13,03,23,FELGUEIRAS,VIZELA (SÃO JORGE),true
130324,13,03,24,FELGUEIRAS,SENDIM,false
130325,13,03,25,FELGUEIRAS,SERNANDE,true
130326,13,03,26,FELGUEIRAS,SOUSA,true
130327,13,03,27,FELGUEIRAS,TORRADOS,true
130328,13,03,28,FELGUEIRAS,UNHÃO,true
130329,13,03,29,FELGUEIRAS,VARZEA,true
130330,13,03,30,FELGUEIRAS,VARZIELA,true
130331,13,03,31,FELGUEIRAS,VILA COVA DA LIXA,true
130332,13,03,32,FELGUEIRAS,VILA FRIA,true
130333,13,03,33,FELGUEIRAS,VILA VERDE,true
130334,13,03,34,FELGUEIRAS,MACIEIRA DA LIXA E CARAMOS,false
130335,13,03,35,FELGUEIRAS,"MARGARIDE, VARZEA, LAGARES, VARZIELA, MOURE",false
130336,13,03,36,FELGUEIRAS,"PEDREIRA, RANDE E SERNANDE",false
130337,13,03,37,FELGUEIRAS,TORRADOS E SOUSA,false
130338,13,03,38,FELGUEIRAS,UNHÃO E LORDELO,false
130339,13,03,39,FELGUEIRAS,VILA COVA DA LIXA E BORBA DE GODIM,false
130340,13,03,40,FELGUEIRAS,VILA FRIA E VIZELA (SÃO JORGE),false
130341,13,03,41,FELGUEIRAS,VILA VERDE E SANTÃO,false
130401,13,04,01,GONDOMAR,COVELO,true
130402,13,04,02,GONDOMAR,FANZERES,true
130403,13,04,03,GONDOMAR,FOZ DO SOUSA,true
130404,13,04,04,GONDOMAR,JOVIM,true
130405,13,04,05,GONDOMAR,LOMBA,false
130406,13,04,06,GONDOMAR,MEDAS,true
130407,13,04,07,GONDOMAR,MELRES,true
130408,13,04,08,GONDOMAR,RIO TINTO,false
130409,13,04,09,GONDOMAR,GONDOMAR (SÃO COSME),true
130410,13,04,10,GONDOMAR,SÃO PEDRO DA COVA,true
130411,13,04,11,GONDOMAR,VALBOM,true
130412,13,04,12,GONDOMAR,BAGUIM DO MONTE (RIO TINTO),false
130413,13,04,13,GONDOMAR,FANZERES E SÃO PEDRO DA COVA,false
130414,13,04,14,GONDOMAR,FOZ DO SOUSA E COVELO,false
130415,13,04,15,GONDOMAR,"GONDOMAR (SÃO COSME), VALBOM E JOVIM",false
130416,13,04,16,GONDOMAR,MELRES E MEDAS,false
130501,13,05,01,LOUSADA,ALVARENGA,true
130502,13,05,02,LOUSADA,AVELEDA,false
130503,13,05,03,LOUSADA,BOIM,true
130504,13,05,04,LOUSADA,CAIDE DE REI,false
130505,13,05,05,LOUSADA,CASAIS,true
130506,13,05,06,LOUSADA,CERNADELO,true
130507,13,05,07,LOUSADA,COVAS,true
130508,13,05,08,LOUSADA,CRISTELOS,true
130509,13,05,09,LOUSADA,FIGUEIRAS,true
130510,13,05,10,LOUSADA,LODARES,false
130511,13,05,11,LOUSADA,LUSTOSA,true
130512,13,05,12,LOUSADA,MACIEIRA,false
130513,13,05,13,LOUSADA,MEINEDO,false
130514,13,05,14,LOUSADA,NESPEREIRA,true
130515,13,05,15,LOUSADA,NEVOGILDE,false
130516,13,05,16,LOUSADA,NOGUEIRA,true
130517,13,05,17,LOUSADA,ORDEM,true
130518,13,05,18,LOUSADA,PIAS,true
130519,13,05,19,LOUSADA,BARROSAS (SANTA EULALIA),true
130520,13,05,20,LOUSADA,LOUSADA (SANTA MARGARIDA),true
130521,13,05,21,LOUSADA,BARROSAS (SANTO ESTEVÃO),true
130522,13,05,22,LOUSADA,LOUSADA (SÃO MIGUEL),true
130523,13,05,23,LOUSADA,SILVARES,true
130524,13,05,24,LOUSADA,SOUSELA,false
130525,13,05,25,LOUSADA,TORNO,false
130526,13,05,26,LOUSADA,VILAR DO TORNO E ALENTEM,false
130527,13,05,27,LOUSADA,CERNADELO E LOUSADA (SÃO MIGUEL E SANTA MARGARIDA),false
130528,13,05,28,LOUSADA,"CRISTELOS, BOIM E ORDEM",false
130529,13,05,29,LOUSADA,FIGUEIRAS E COVAS,false
130530,13,05,30,LOUSADA,LUSTOSA E BARROSAS (SANTO ESTEVÃO),false
130531,13,05,31,LOUSADA,NESPEREIRA E CASAIS,false
130532,13,05,32,LOUSADA,"SILVARES, PIAS, NOGUEIRA E ALVARENGA",false
130601,13,06,01,MAIA,AGUAS SANTAS,false
130602,13,06,02,MAIA,BARCA,true
130603,13,06,03,MAIA,FOLGOSA,false
130604,13,06,04,MAIA,GEMUNDE,true
130605,13,06,05,MAIA,GONDIM,true
130606,13,06,06,MAIA,GUEIFÃES,true
130607,13,06,07,MAIA,MAIA,true
130608,13,06,08,MAIA,MILHEIROS,false
130609,13,06,09,MAIA,MOREIRA,false
130610,13,06,10,MAIA,NOGUEIRA,true
130611,13,06,11,MAIA,AVIOSO (SANTA MARIA),true
130612,13,06,12,MAIA,AVIOSO (SÃO PEDRO),true
130613,13,06,13,MAIA,S. PEDRO FINS,false
130614,13,06,14,MAIA,SILVA ESCURA,true
130615,13,06,15,MAIA,VERMOIM,true
130616,13,06,16,MAIA,VILA NOVA DA TELHA,false
130617,13,06,17,MAIA,PEDROUÇOS,false
130618,13,06,18,MAIA,CASTELO DA MAIA,false
130619,13,06,19,MAIA,CIDADE DA MAIA,false
130620,13,06,20,MAIA,NOGUEIRA E SILVA ESCURA,false
130701,13,07,01,MARCO DE CANAVESES,ALPENDURADA E MATOS,true
130702,13,07,02,MARCO DE CANAVESES,ARIZ,true
130703,13,07,03,MARCO DE CANAVESES,AVESSADAS,true
130704,13,07,04,MARCO DE CANAVESES,BANHO E CARVALHOSA,false
130705,13,07,05,MARCO DE CANAVESES,CONSTANCE,false
130706,13,07,06,MARCO DE CANAVESES,FAVÕES,true
130707,13,07,07,MARCO DE CANAVESES,FOLHADA,true
130708,13,07,08,MARCO DE CANAVESES,FORNOS,true
130709,13,07,09,MARCO DE CANAVESES,FREIXO,true
130710,13,07,10,MARCO DE CANAVESES,MAGRELOS,true
130711,13,07,11,MARCO DE CANAVESES,MANHUNCELOS,true
130712,13,07,12,MARCO DE CANAVESES,MAURELES,true
130713,13,07,13,MARCO DE CANAVESES,PAÇOS DE GAIOLO,true
130714,13,07,14,MARCO DE CANAVESES,PAREDES DE VIADORES,true
130715,13,07,15,MARCO DE CANAVESES,PENHA LONGA,true
130716,13,07,16,MARCO DE CANAVESES,RIO DE GALINHAS,true
130717,13,07,17,MARCO DE CANAVESES,ROSEM,true
130718,13,07,18,MARCO DE CANAVESES,SANDE,true
130719,13,07,19,MARCO DE CANAVESES,SANTO ISIDORO,true
130720,13,07,20,MARCO DE CANAVESES,SÃO LOURENÇO DO DOURO,true
130721,13,07,21,MARCO DE CANAVESES,SÃO NICOLAU,true
130722,13,07,22,MARCO DE CANAVESES,SOALHÃES,false
130723,13,07,23,MARCO DE CANAVESES,SOBRETAMEGA,false
130724,13,07,24,MARCO DE CANAVESES,TABUADO,false
130725,13,07,25,MARCO DE CANAVESES,TORRÃO,true
130726,13,07,26,MARCO DE CANAVESES,TOUTOSA,true
130727,13,07,27,MARCO DE CANAVESES,TUIAS,true
130728,13,07,28,MARCO DE CANAVESES,VARZEA DO DOURO,true
130729,13,07,29,MARCO DE CANAVESES,VARZEA DA OVELHA E ALIVIADA,true
130730,13,07,30,MARCO DE CANAVESES,VILA BOA DO BISPO,false
130731,13,07,31,MARCO DE CANAVESES,VILA BOA DE QUIRES,true
130732,13,07,32,MARCO DE CANAVESES,"ALPENDORADA, VARZEA E TORRÃO",false
130733,13,07,33,MARCO DE CANAVESES,AVESSADAS E ROSEM,false
130734,13,07,34,MARCO DE CANAVESES,BEM VIVER,false
130735,13,07,35,MARCO DE CANAVESES,LIVRAÇÃO,false
130736,13,07,36,MARCO DE CANAVESES,MARCO,false
130737,13,07,37,MARCO DE CANAVESES,PAREDES DE VIADORES E MANHUNCELOS,false
130738,13,07,38,MARCO DE CANAVESES,PENHALONGA E PAÇOS DE GAIOLO,false
130739,13,07,39,MARCO DE CANAVESES,SANDE E SÃO LOURENÇO,false
130740,13,07,40,MARCO DE CANAVESES,"VARZEA, ALIVIADA E FOLHADA",false
130741,13,07,41,MARCO DE CANAVESES,VILA BOA DE QUIRES E MAURELES,false
130801,13,08,01,MATOSINHOS,CUSTOIAS,true
130802,13,08,02,MATOSINHOS,GUIFÕES,true
130803,13,08,03,MATOSINHOS,LAVRA,true
130804,13,08,04,MATOSINHOS,LEÇA DO BALIO,true
130805,13,08,05,MATOSINHOS,LEÇA DA PALMEIRA,true
130806,13,08,06,MATOSINHOS,MATOSINHOS,true
130807,13,08,07,MATOSINHOS,PERAFITA,true
130808,13,08,08,MATOSINHOS,SANTA CRUZ DO BISPO,true
130809,13,08,09,MATOSINHOS,SÃO MAMEDE DE INFESTA,true
130810,13,08,10,MATOSINHOS,SENHORA DA HORA,true
130811,13,08,11,MATOSINHOS,"CUSTOIAS, LEÇA DO BALIO E GUIFÕES",false
130812,13,08,12,MATOSINHOS,MATOSINHOS E LEÇA DA PALMEIRA,false
130813,13,08,13,MATOSINHOS,"PERAFITA, LAVRA E SANTA CRUZ DO BISPO",false
130814,13,08,14,MATOSINHOS,SÃO MAMEDE DE INFESTA E SENHORA DA HORA,false
130901,13,09,01,PAÇOS DE FERREIRA,ARREIGADA,true
130902,13,09,02,PAÇOS DE FERREIRA,CARVALHOSA,false
130903,13,09,03,PAÇOS DE FERREIRA,CODESSOS,true
130904,13,09,04,PAÇOS DE FERREIRA,EIRIZ,false
130905,13,09,05,PAÇOS DE FERREIRA,FERREIRA,false
130906,13,09,06,PAÇOS DE FERREIRA,FIGUEIRO,false
130907,13,09,07,PAÇOS DE FERREIRA,FRAZÃO,true
130908,13,09,08,PAÇOS DE FERREIRA,FREAMUNDE,false
130909,13,09,09,PAÇOS DE FERREIRA,LAMOSO,true
130910,13,09,10,PAÇOS DE FERREIRA,MEIXOMIL,false
130911,13,09,11,PAÇOS DE FERREIRA,MODELOS,true
130912,13,09,12,PAÇOS DE FERREIRA,PAÇOS DE FERREIRA,true
130913,13,09,13,PAÇOS DE FERREIRA,PENAMAIOR,false
130914,13,09,14,PAÇOS DE FERREIRA,RAIMONDA,false
130915,13,09,15,PAÇOS DE FERREIRA,SANFINS DE FERREIRA,true
130916,13,09,16,PAÇOS DE FERREIRA,SEROA,false
130917,13,09,17,PAÇOS DE FERREIRA,FRAZÃO ARREIGADA,false
130918,13,09,18,PAÇOS DE FERREIRA,PAÇOS DE FERREIRA,false
130919,13,09,19,PAÇOS DE FERREIRA,SANFINS LAMOSO CODESSOS,false
131001,13,10,01,PAREDES,AGUIAR DE SOUSA,false
131002,13,10,02,PAREDES,ASTROMIL,false
131003,13,10,03,PAREDES,BALTAR,false
131004,13,10,04,PAREDES,BEIRE,false
131005,13,10,05,PAREDES,BESTEIROS,true
131006,13,10,06,PAREDES,BITARÃES,true
131007,13,10,07,PAREDES,CASTELÕES DE CEPEDA,true
131008,13,10,08,PAREDES,CETE,false
131009,13,10,09,PAREDES,CRISTELO,false
131010,13,10,10,PAREDES,DUAS IGREJAS,false
131011,13,10,11,PAREDES,GANDRA,false
131012,13,10,12,PAREDES,GONDALÃES,true
131013,13,10,13,PAREDES,LORDELO,false
131014,13,10,14,PAREDES,LOUREDO,false
131015,13,10,15,PAREDES,MADALENA,true
131016,13,10,16,PAREDES,MOURIZ,true
131017,13,10,17,PAREDES,PARADA DE TODEIA,false
131018,13,10,18,PAREDES,REBORDOSA,false
131019,13,10,19,PAREDES,RECAREI,false
131020,13,10,20,PAREDES,SOBREIRA,false
131021,13,10,21,PAREDES,SOBROSA,false
131022,13,10,22,PAREDES,VANDOMA,false
131023,13,10,23,PAREDES,VILA COVA DE CARROS,true
131024,13,10,24,PAREDES,VILELA,false
131025,13,10,25,PAREDES,PAREDES,false
131101,13,11,01,PENAFIEL,ABRAGÃO,false
131102,13,11,02,PENAFIEL,BOELHE,false
131103,13,11,03,PENAFIEL,BUSTELO,false
131104,13,11,04,PENAFIEL,CABEÇA SANTA,false
131105,13,11,05,PENAFIEL,CANELAS,false
131106,13,11,06,PENAFIEL,CAPELA,false
131107,13,11,07,PENAFIEL,CASTELÕES,false
131108,13,11,08,PENAFIEL,CROCA,false
131109,13,11,09,PENAFIEL,DUAS IGREJAS,false
131110,13,11,10,PENAFIEL,EJA,false
131111,13,11,11,PENAFIEL,FIGUEIRA,true
131112,13,11,12,PENAFIEL,FONTE ARCADA,false
131113,13,11,13,PENAFIEL,GALEGOS,false
131114,13,11,14,PENAFIEL,GUILHUFE,true
131115,13,11,15,PENAFIEL,IRIVO,false
131116,13,11,16,PENAFIEL,LAGARES,true
131117,13,11,17,PENAFIEL,LUZIM,true
131118,13,11,18,PENAFIEL,MARECOS,true
131119,13,11,19,PENAFIEL,MILHUNDOS,true
131120,13,11,20,PENAFIEL,NOVELAS,true
131121,13,11,21,PENAFIEL,OLDRÕES,false
131122,13,11,22,PENAFIEL,PAÇO DE SOUSA,false
131123,13,11,23,PENAFIEL,PAREDES,true
131124,13,11,24,PENAFIEL,PENAFIEL,true
131125,13,11,25,PENAFIEL,PEROZELO,false
131126,13,11,26,PENAFIEL,PINHEIRO,true
131127,13,11,27,PENAFIEL,PORTELA,true
131128,13,11,28,PENAFIEL,RANS,false
131129,13,11,29,PENAFIEL,RIO DE MOINHOS,false
131130,13,11,30,PENAFIEL,SANTA MARTA,true
131131,13,11,31,PENAFIEL,SANTIAGO DE SUBARRIFANA,true
131132,13,11,32,PENAFIEL,RECEZINHOS (S. MAMEDE),false
131133,13,11,33,PENAFIEL,RECEZINHOS (S. MARTINHO),false
131134,13,11,34,PENAFIEL,SEBOLIDO,false
131135,13,11,35,PENAFIEL,URRO,true
131136,13,11,36,PENAFIEL,VALPEDRE,false
131137,13,11,37,PENAFIEL,VILA COVA,true
131138,13,11,38,PENAFIEL,RIO MAU,false
131139,13,11,39,PENAFIEL,PENAFIEL,false
131140,13,11,40,PENAFIEL,LUZIM E VILA COVA,false
131141,13,11,41,PENAFIEL,GUILHUFE E URRO,false
131142,13,11,42,PENAFIEL,LAGARES E FIGUEIRA,false
131143,13,11,43,PENAFIEL,TERMAS DE SÃO VICENTE,false
131201,13,12,01,PORTO,ALDOAR,true
131202,13,12,02,PORTO,BONFIM,false
131203,13,12,03,PORTO,CAMPANHÃ,false
131204,13,12,04,PORTO,CEDOFEITA,true
131205,13,12,05,PORTO,FOZ DO DOURO,true
131206,13,12,06,PORTO,LORDELO DO OURO,true
131207,13,12,07,PORTO,MASSARELOS,true
131208,13,12,08,PORTO,MIRAGAIA,true
131209,13,12,09,PORTO,NEVOGILDE,true
131210,13,12,10,PORTO,PARANHOS,false
131211,13,12,11,PORTO,RAMALDE,false
131212,13,12,12,PORTO,SANTO ILDEFONSO,true
131213,13,12,13,PORTO,SÃO NICOLAU,true
131214,13,12,14,PORTO,SE,true
131215,13,12,15,PORTO,VITORIA,true
131216,13,12,16,PORTO,"ALDOAR, FOZ DO DOURO E NEVOGILDE",false
131217,13,12,17,PORTO,"CEDOFEITA,ILDEFONSO,SE,MIRAGAIA,NICOLAU,VITORIA",false
131218,13,12,18,PORTO,LORDELO DO OURO E MASSARELOS,false
131301,13,13,01,POVOA DE VARZIM,A VER-O-MAR,true
131302,13,13,02,POVOA DE VARZIM,AGUÇADOURA,true
131303,13,13,03,POVOA DE VARZIM,AMORIM,true
131304,13,13,04,POVOA DE VARZIM,ARGIVAI,true
131305,13,13,05,POVOA DE VARZIM,BALAZAR,false
131306,13,13,06,POVOA DE VARZIM,BEIRIZ,true
131307,13,13,07,POVOA DE VARZIM,ESTELA,false
131308,13,13,08,POVOA DE VARZIM,LAUNDOS,false
131309,13,13,09,POVOA DE VARZIM,NAVAIS,true
131310,13,13,10,POVOA DE VARZIM,POVOA DE VARZIM,true
131311,13,13,11,POVOA DE VARZIM,RATES,false
131312,13,13,12,POVOA DE VARZIM,TERROSO,true
131313,13,13,13,POVOA DE VARZIM,"AVER-O-MAR, AMORIM E TERROSO",false
131314,13,13,14,POVOA DE VARZIM,AGUÇADOURA E NAVAIS,false
131315,13,13,15,POVOA DE VARZIM,"POVOA DE VARZIM, BEIRIZ E ARGIVAI",false
131401,13,14,01,SANTO TIRSO,AGRELA,false
131402,13,14,02,SANTO TIRSO,AGUA LONGA,false
131403,13,14,03,SANTO TIRSO,ALVARELHOS,true
131404,13,14,04,SANTO TIRSO,AREIAS,true
131405,13,14,05,SANTO TIRSO,AVES,false
131406,13,14,06,SANTO TIRSO,BURGÃES,true
131407,13,14,07,SANTO TIRSO,CARREIRA,true
131408,13,14,08,SANTO TIRSO,COVELAS,true
131409,13,14,09,SANTO TIRSO,GUIDÕES,true
131410,13,14,10,SANTO TIRSO,GUIMAREI,true
131411,13,14,11,SANTO TIRSO,LAMA,true
131412,13,14,12,SANTO TIRSO,LAMELAS,true
131413,13,14,13,SANTO TIRSO,MONTE CORDOVA,false
131414,13,14,14,SANTO TIRSO,MURO,true
131415,13,14,15,SANTO TIRSO,PALMEIRA,true
131416,13,14,16,SANTO TIRSO,REBORDÕES,false
131417,13,14,17,SANTO TIRSO,REFOJOS DE RIBA DE AVE,true
131418,13,14,18,SANTO TIRSO,REGUENGA,false
131419,13,14,19,SANTO TIRSO,RORIZ,false
131420,13,14,20,SANTO TIRSO,COUTO (SANTA CRISTINA),true
131421,13,14,21,SANTO TIRSO,BOUGADO (SANTIAGO),true
131422,13,14,22,SANTO TIRSO,SANTO TIRSO,true
131423,13,14,23,SANTO TIRSO,CORONADO (S. MAMEDE),true
131424,13,14,24,SANTO TIRSO,NEGRELOS (SÃO MAMEDE),true
131425,13,14,25,SANTO TIRSO,BOUGADO (S. MARTINHO),true
131426,13,14,26,SANTO TIRSO,CAMPO (SÃO MARTINHO),true
131427,13,14,27,SANTO TIRSO,COUTO (SÃO MIGUEL),true
131428,13,14,28,SANTO TIRSO,CORONADO (S. ROMÃO),true
131429,13,14,29,SANTO TIRSO,SÃO SALVADOR DO CAMPO,true
131430,13,14,30,SANTO TIRSO,NEGRELOS (S. TOME),false
131431,13,14,31,SANTO TIRSO,SEQUEIRO,true
131432,13,14,32,SANTO TIRSO,VILARINHO,false
131433,13,14,33,SANTO TIRSO,"AREIAS, SEQUEIRO, LAMA E PALMEIRA",false
131434,13,14,34,SANTO TIRSO,"CAMPO, S.SALVADOR CAMPO, NEGRELOS",false
131435,13,14,35,SANTO TIRSO,CARREIRA E REFOJOS DE RIBA DE AVE,false
131436,13,14,36,SANTO TIRSO,LAMELAS E GUIMAREI,false
131437,13,14,37,SANTO TIRSO,"ST.TIRSO, COUTO (S.CRISTINA E S.MIGUEL) E BURGÃES",false
131501,13,15,01,VALONGO,ALFENA,false
131502,13,15,02,VALONGO,CAMPO,true
131503,13,15,03,VALONGO,ERMESINDE,false
131504,13,15,04,VALONGO,SOBRADO,true
131505,13,15,05,VALONGO,VALONGO,false
131506,13,15,06,VALONGO,CAMPO E SOBRADO,false
131601,13,16,01,VILA DO CONDE,ARCOS,true
131602,13,16,02,VILA DO CONDE,ARVORE,false
131603,13,16,03,VILA DO CONDE,AVELEDA,false
131604,13,16,04,VILA DO CONDE,AZURARA,false
131605,13,16,05,VILA DO CONDE,BAGUNTE,true
131606,13,16,06,VILA DO CONDE,CANIDELO,true
131607,13,16,07,VILA DO CONDE,FAJOZES,false
131608,13,16,08,VILA DO CONDE,FERREIRO,true
131609,13,16,09,VILA DO CONDE,FORNELO,true
131610,13,16,10,VILA DO CONDE,GIÃO,false
131611,13,16,11,VILA DO CONDE,GUILHABREU,false
131612,13,16,12,VILA DO CONDE,JUNQUEIRA,false
131613,13,16,13,VILA DO CONDE,LABRUGE,false
131614,13,16,14,VILA DO CONDE,MACIEIRA DA MAIA,false
131615,13,16,15,VILA DO CONDE,MALTA,true
131616,13,16,16,VILA DO CONDE,MINDELO,false
131617,13,16,17,VILA DO CONDE,MODIVAS,false
131618,13,16,18,VILA DO CONDE,MOSTEIRO,true
131619,13,16,19,VILA DO CONDE,OUTEIRO MAIOR,true
131620,13,16,20,VILA DO CONDE,PARADA,true
131621,13,16,21,VILA DO CONDE,RETORTA,true
131622,13,16,22,VILA DO CONDE,RIO MAU,true
131623,13,16,23,VILA DO CONDE,TOUGUES,true
131624,13,16,24,VILA DO CONDE,TOUGUINHA,true
131625,13,16,25,VILA DO CONDE,TOUGUINHO,true
131626,13,16,26,VILA DO CONDE,VAIRÃO,true
131627,13,16,27,VILA DO CONDE,VILA CHÃ,false
131628,13,16,28,VILA DO CONDE,VILA DO CONDE,false
131629,13,16,29,VILA DO CONDE,VILAR,true
131630,13,16,30,VILA DO CONDE,VILAR DE PINHEIRO,false
131631,13,16,31,VILA DO CONDE,"BAGUNTE, FERREIRO, OUTEIRO MAIOR E PARADA",false
131632,13,16,32,VILA DO CONDE,FORNELO E VAIRÃO,false
131633,13,16,33,VILA DO CONDE,MALTA E CANIDELO,false
131634,13,16,34,VILA DO CONDE,RETORTA E TOUGUES,false
131635,13,16,35,VILA DO CONDE,RIO MAU E ARCOS,false
131636,13,16,36,VILA DO CONDE,TOUGUINHA E TOUGUINHO,false
131637,13,16,37,VILA DO CONDE,VILAR E MOSTEIRO,false
131701,13,17,01,VILA NOVA DE GAIA,ARCOZELO,false
131702,13,17,02,VILA NOVA DE GAIA,AVINTES,false
131703,13,17,03,VILA NOVA DE GAIA,CANELAS,false
131704,13,17,04,VILA NOVA DE GAIA,CANIDELO,false
131705,13,17,05,VILA NOVA DE GAIA,CRESTUMA,true
131706,13,17,06,VILA NOVA DE GAIA,GRIJO,true
131707,13,17,07,VILA NOVA DE GAIA,GULPILHARES,true
131708,13,17,08,VILA NOVA DE GAIA,LEVER,true
131709,13,17,09,VILA NOVA DE GAIA,MADALENA,false
131710,13,17,10,VILA NOVA DE GAIA,MAFAMUDE,true
131711,13,17,11,VILA NOVA DE GAIA,OLIVAL,true
131712,13,17,12,VILA NOVA DE GAIA,OLIVEIRA DO DOURO,false
131713,13,17,13,VILA NOVA DE GAIA,PEDROSO,true
131714,13,17,14,VILA NOVA DE GAIA,PEROZINHO,true
131715,13,17,15,VILA NOVA DE GAIA,SANDIM,true
131716,13,17,16,VILA NOVA DE GAIA,VILA NOVA DE GAIA (SANTA MARINHA),true
131717,13,17,17,VILA NOVA DE GAIA,S. FELIX DA MARINHA,false
131718,13,17,18,VILA NOVA DE GAIA,SÃO PEDRO DA AFURADA,true
131719,13,17,19,VILA NOVA DE GAIA,SEIXEZELO,true
131720,13,17,20,VILA NOVA DE GAIA,SERMONDE,true
131721,13,17,21,VILA NOVA DE GAIA,SERZEDO,true
131722,13,17,22,VILA NOVA DE GAIA,VALADARES,true
131723,13,17,23,VILA NOVA DE GAIA,VILAR DE ANDORINHO,false
131724,13,17,24,VILA NOVA DE GAIA,VILAR DO PARAISO,true
131725,13,17,25,VILA NOVA DE GAIA,GRIJO E SERMONDE,false
131726,13,17,26,VILA NOVA DE GAIA,GULPILHARES E VALADARES,false
131727,13,17,27,VILA NOVA DE GAIA,MAFAMUDE E VILAR DO PARAISO,false
131728,13,17,28,VILA NOVA DE GAIA,PEDROSO E SEIXEZELO,false
131729,13,17,29,VILA NOVA DE GAIA,"SANDIM, OLIVAL, LEVER E CRESTUMA",false
131730,13,17,30,VILA NOVA DE GAIA,SANTA MARINHA E SÃO PEDRO DA AFURADA,false
131731,13,17,31,VILA NOVA DE GAIA,SERZEDO E PEROSINHO,false
131801,13,18,01,TROFA,ALVARELHOS,true
131802,13,18,02,TROFA,BOUGADO (SANTIAGO),true
131803,13,18,03,TROFA,BOUGADO (SÃO MARTINHO),true
131804,13,18,04,TROFA,CORONADO (SÃO MAMEDE),true
131805,13,18,05,TROFA,CORONADO (SÃO ROMÃO),true
131806,13,18,06,TROFA,COVELAS,false
131807,13,18,07,TROFA,GUIDÕES,true
131808,13,18,08,TROFA,MURO,false
131809,13,18,09,TROFA,ALVARELHOS E GUIDÕES,false
131810,13,18,10,TROFA,BOUGADO (SÃO MARTINHO E SANTIAGO),false
131811,13,18,11,TROFA,CORONADO (SÃO ROMÃO E SÃO MAMEDE),false
140101,14,01,01,ABRANTES,ALDEIA DO MATO,true
140102,14,01,02,ABRANTES,ALFERRAREDE,true
140103,14,01,03,ABRANTES,ALVEGA,true
140104,14,01,04,ABRANTES,BEMPOSTA,false
140105,14,01,05,ABRANTES,MARTINCHEL,false
140106,14,01,06,ABRANTES,MOURISCAS,false
140107,14,01,07,ABRANTES,PEGO,false
140108,14,01,08,ABRANTES,RIO DE MOINHOS,false
140109,14,01,09,ABRANTES,ROSSIO AO SUL DO TEJO,true
140110,14,01,10,ABRANTES,SÃO FACUNDO,true
140111,14,01,11,ABRANTES,ABRANTES (SÃO JOÃO),true
140112,14,01,12,ABRANTES,SÃO MIGUEL DO RIO TORTO,true
140113,14,01,13,ABRANTES,ABRANTES (SÃO VICENTE),true
140114,14,01,14,ABRANTES,SOUTO,true
140115,14,01,15,ABRANTES,TRAMAGAL,false
140116,14,01,16,ABRANTES,VALE DAS MOS,true
140117,14,01,17,ABRANTES,CONCAVADA,true
140118,14,01,18,ABRANTES,FONTES,false
140119,14,01,19,ABRANTES,CARVALHAL,false
140120,14,01,20,ABRANTES,ABRANTES (SÃO VICENTE E SÃO JOÃO) E ALFERRAREDE,false
140121,14,01,21,ABRANTES,ALDEIA DO MATO E SOUTO,false
140122,14,01,22,ABRANTES,ALVEGA E CONCAVADA,false
140123,14,01,23,ABRANTES,SÃO FACUNDO E VALE DAS MOS,false
140124,14,01,24,ABRANTES,SÃO MIGUEL DO RIO TORTO E ROSSIO AO SUL DO TEJO,false
140201,14,02,01,ALCANENA,ALCANENA,true
140202,14,02,02,ALCANENA,BUGALHOS,false
140203,14,02,03,ALCANENA,ESPINHEIRO,true
140204,14,02,04,ALCANENA,LOURICEIRA,true
140205,14,02,05,ALCANENA,MALHOU,true
140206,14,02,06,ALCANENA,MINDE,false
140207,14,02,07,ALCANENA,MOITAS VENDA,false
140208,14,02,08,ALCANENA,MONSANTO,false
140209,14,02,09,ALCANENA,SERRA DE SANTO ANTONIO,false
140210,14,02,10,ALCANENA,VILA MOREIRA,true
140211,14,02,11,ALCANENA,ALCANENA E VILA MOREIRA,false
140212,14,02,12,ALCANENA,"MALHOU, LOURICEIRA E ESPINHEIRO",false
140301,14,03,01,ALMEIRIM,ALMEIRIM,false
140302,14,03,02,ALMEIRIM,BENFICA DO RIBATEJO,false
140303,14,03,03,ALMEIRIM,FAZENDAS DE ALMEIRIM,false
140304,14,03,04,ALMEIRIM,RAPOSA,false
140401,14,04,01,ALPIARÇA,ALPIARÇA,false
140501,14,05,01,BENAVENTE,BENAVENTE,false
140502,14,05,02,BENAVENTE,SAMORA CORREIA,false
140503,14,05,03,BENAVENTE,SANTO ESTEVÃO,false
140504,14,05,04,BENAVENTE,BARROSA,false
140601,14,06,01,CARTAXO,CARTAXO,true
140602,14,06,02,CARTAXO,EREIRA,true
140603,14,06,03,CARTAXO,LAPA,true
140604,14,06,04,CARTAXO,PONTEVEL,false
140605,14,06,05,CARTAXO,VALADA,false
140606,14,06,06,CARTAXO,VALE DA PINTA,true
140607,14,06,07,CARTAXO,VILA CHÃ DE OURIQUE,false
140608,14,06,08,CARTAXO,VALE DA PEDRA,false
140609,14,06,09,CARTAXO,CARTAXO E VALE DA PINTA,false
140610,14,06,10,CARTAXO,EREIRA E LAPA,false
140701,14,07,01,CHAMUSCA,CHAMUSCA,true
140702,14,07,02,CHAMUSCA,CHOUTO,true
140703,14,07,03,CHAMUSCA,PINHEIRO GRANDE,true
140704,14,07,04,CHAMUSCA,ULME,false
140705,14,07,05,CHAMUSCA,VALE DE CAVALOS,false
140706,14,07,06,CHAMUSCA,PARREIRA,true
140707,14,07,07,CHAMUSCA,CARREGUEIRA,false
140708,14,07,08,CHAMUSCA,CHAMUSCA E PINHEIRO GRANDE,false
140709,14,07,09,CHAMUSCA,PARREIRA E CHOUTO,false
140801,14,08,01,CONSTANCIA,CONSTANCIA,false
140802,14,08,02,CONSTANCIA,MONTALVO,false
140803,14,08,03,CONSTANCIA,SANTA MARGARIDA DA COUTADA,false
140901,14,09,01,CORUCHE,CORUCHE,true
140902,14,09,02,CORUCHE,COUÇO,false
140903,14,09,03,CORUCHE,S. JOSE DA LAMAROSA,false
140904,14,09,04,CORUCHE,FAJARDA,true
140905,14,09,05,CORUCHE,BRANCA,false
140906,14,09,06,CORUCHE,ERRA,true
140907,14,09,07,CORUCHE,BISCAINHO,false
140908,14,09,08,CORUCHE,SANTANA DO MATO,false
140909,14,09,09,CORUCHE,"CORUCHE, FAJARDA E ERRA",false
141001,14,10,01,ENTRONCAMENTO,ENTRONCAMENTO,true
141002,14,10,02,ENTRONCAMENTO,NOSSA SRA DE FATIMA,false
141003,14,10,03,ENTRONCAMENTO,SAO JOAO BAPTISTA,false
141101,14,11,01,FERREIRA DO ZEZERE,AGUAS BELAS,false
141102,14,11,02,FERREIRA DO ZEZERE,AREIAS,true
141103,14,11,03,FERREIRA DO ZEZERE,BECO,false
141104,14,11,04,FERREIRA DO ZEZERE,CHÃOS,false
141105,14,11,05,FERREIRA DO ZEZERE,DORNES,true
141106,14,11,06,FERREIRA DO ZEZERE,FERREIRA DO ZEZERE,false
141107,14,11,07,FERREIRA DO ZEZERE,IGREJA NOVA DO SOBRAL,false
141108,14,11,08,FERREIRA DO ZEZERE,PAIO MENDES,true
141109,14,11,09,FERREIRA DO ZEZERE,PIAS,true
141110,14,11,10,FERREIRA DO ZEZERE,NOSSA SENHORA DO PRANTO,false
141111,14,11,11,FERREIRA DO ZEZERE,AREIAS E PIAS,false
141201,14,12,01,GOLEGÃ,AZINHAGA,false
141202,14,12,02,GOLEGÃ,GOLEGÃ,false
141203,14,12,03,GOLEGÃ,POMBALINHO,false
141301,14,13,01,MAÇÃO,ABOBOREIRA,true
141302,14,13,02,MAÇÃO,AMENDOA,false
141303,14,13,03,MAÇÃO,CARDIGOS,false
141304,14,13,04,MAÇÃO,CARVOEIRO,false
141305,14,13,05,MAÇÃO,ENVENDOS,false
141306,14,13,06,MAÇÃO,MAÇÃO,true
141307,14,13,07,MAÇÃO,ORTIGA,false
141308,14,13,08,MAÇÃO,PENHASCOSO,true
141309,14,13,09,MAÇÃO,"MAÇÃO, PENHASCOSO E ABOBOREIRA",false
141401,14,14,01,RIO MAIOR,ALCOBERTAS,false
141402,14,14,02,RIO MAIOR,ARROUQUELAS,false
141403,14,14,03,RIO MAIOR,ARRUDA DOS PISÕES,true
141404,14,14,04,RIO MAIOR,AZAMBUJEIRA,true
141405,14,14,05,RIO MAIOR,FRAGUAS,false
141406,14,14,06,RIO MAIOR,MARMELEIRA,true
141407,14,14,07,RIO MAIOR,OUTEIRO DA CORTIÇADA,true
141408,14,14,08,RIO MAIOR,RIO MAIOR,false
141409,14,14,09,RIO MAIOR,SÃO JOÃO DA RIBEIRA,true
141410,14,14,10,RIO MAIOR,ASSEICEIRA,false
141411,14,14,11,RIO MAIOR,S. SEBASTIÃO,false
141412,14,14,12,RIO MAIOR,RIBEIRA DE SÃO JOÃO,true
141413,14,14,13,RIO MAIOR,MALAQUEIJO,true
141414,14,14,14,RIO MAIOR,ASSENTIZ,true
141415,14,14,15,RIO MAIOR,AZAMBUJEIRA E MALAQUEIJO,false
141416,14,14,16,RIO MAIOR,MARMELEIRA E ASSENTIZ,false
141417,14,14,17,RIO MAIOR,OUTEIRO DA CORTIÇADA E ARRUDA DOS PISÕES,false
141418,14,14,18,RIO MAIOR,SÃO JOÃO DA RIBEIRA E RIBEIRA DE SÃO JOÃO,false
141501,14,15,01,SALVATERRA DE MAGOS,GLORIA DO RIBATEJO,true
141502,14,15,02,SALVATERRA DE MAGOS,MARINHAIS,false
141503,14,15,03,SALVATERRA DE MAGOS,MUGE,false
141504,14,15,04,SALVATERRA DE MAGOS,SALVATERRA DE MAGOS,true
141505,14,15,05,SALVATERRA DE MAGOS,FOROS DE SALVATERRA,true
141506,14,15,06,SALVATERRA DE MAGOS,GRANHO,true
141507,14,15,07,SALVATERRA DE MAGOS,GLORIA DO RIBATEJO E GRANHO,false
141508,14,15,08,SALVATERRA DE MAGOS,SALVATERRA DE MAGOS E FOROS DE SALVATERRA,false
141601,14,16,01,SANTAREM,ABITUREIRAS,false
141602,14,16,02,SANTAREM,ABRÃ,false
141603,14,16,03,SANTAREM,ACHETE,true
141604,14,16,04,SANTAREM,ALCANEDE,false
141605,14,16,05,SANTAREM,ALCANHÕES,false
141606,14,16,06,SANTAREM,ALMOSTER,false
141607,14,16,07,SANTAREM,AMIAIS DE BAIXO,false
141608,14,16,08,SANTAREM,ARNEIRO DAS MILHARIÇAS,false
141609,14,16,09,SANTAREM,AZOIA DE BAIXO,true
141610,14,16,10,SANTAREM,AZOIA DE CIMA,true
141611,14,16,11,SANTAREM,CASEVEL,true
141612,14,16,12,SANTAREM,SANTAREM (MARVILA),true
141613,14,16,13,SANTAREM,MOÇARRIA,false
141614,14,16,14,SANTAREM,PERNES,false
141615,14,16,15,SANTAREM,POMBALINHO,true
141616,14,16,16,SANTAREM,POVOA DA ISENTA,false
141617,14,16,17,SANTAREM,POVOA DE SANTAREM,true
141618,14,16,18,SANTAREM,ROMEIRA,true
141619,14,16,19,SANTAREM,SANTA IRIA DA RIBEIRA DE SANTAREM,true
141620,14,16,20,SANTAREM,SANTAREM (SÃO NICOLAU),true
141621,14,16,21,SANTAREM,SANTAREM (SÃO SALVADOR),true
141622,14,16,22,SANTAREM,SÃO VICENTE DO PAUL,true
141623,14,16,23,SANTAREM,TREMES,true
141624,14,16,24,SANTAREM,VALE DE FIGUEIRA,true
141625,14,16,25,SANTAREM,VALE DE SANTAREM,false
141626,14,16,26,SANTAREM,VAQUEIROS,true
141627,14,16,27,SANTAREM,VARZEA,true
141628,14,16,28,SANTAREM,GANÇARIA,false
141629,14,16,29,SANTAREM,"ACHETE, AZOIA DE BAIXO E POVOA DE SANTAREM",false
141630,14,16,30,SANTAREM,AZOIA DE CIMA E TREMES,false
141631,14,16,31,SANTAREM,CASEVEL E VAQUEIROS,false
141632,14,16,32,SANTAREM,ROMEIRA E VARZEA,false
141633,14,16,33,SANTAREM,"MARVILA, RIBEIRA SANTAREM, S.SALVADOR, S.NICOLAU",false
141634,14,16,34,SANTAREM,SÃO VICENTE DO PAUL E VALE DE FIGUEIRA,false
141701,14,17,01,SARDOAL,ALCARAVELA,false
141702,14,17,02,SARDOAL,SANTIAGO DE MONTALEGRE,false
141703,14,17,03,SARDOAL,SARDOAL,false
141704,14,17,04,SARDOAL,VALHASCOS,false
141801,14,18,01,TOMAR,ALVIOBEIRA,true
141802,14,18,02,TOMAR,ASSEICEIRA,false
141803,14,18,03,TOMAR,BESELGA,true
141804,14,18,04,TOMAR,CARREGUEIROS,false
141805,14,18,05,TOMAR,CASAIS,true
141806,14,18,06,TOMAR,JUNCEIRA,true
141807,14,18,07,TOMAR,MADALENA,true
141808,14,18,08,TOMAR,OLALHAS,false
141809,14,18,09,TOMAR,PAIALVO,false
141810,14,18,10,TOMAR,PEDREIRA,true
141811,14,18,11,TOMAR,SANTA MARIA DOS OLIVAIS,true
141812,14,18,12,TOMAR,TOMAR (SÃO JOÃO BAPTISTA),true
141813,14,18,13,TOMAR,S. PEDRO DE TOMAR,false
141814,14,18,14,TOMAR,SABACHEIRA,false
141815,14,18,15,TOMAR,SERRA,true
141816,14,18,16,TOMAR,ALEM DA RIBEIRA,true
141817,14,18,17,TOMAR,ALEM DA RIBEIRA E PEDREIRA,false
141818,14,18,18,TOMAR,CASAIS E ALVIOBEIRA,false
141819,14,18,19,TOMAR,MADALENA E BESELGA,false
141820,14,18,20,TOMAR,SERRA E JUNCEIRA,false
141821,14,18,21,TOMAR,SÃO JOÃO BAPTISTA E SANTA MARIA DOS OLIVAIS,false
141901,14,19,01,TORRES NOVAS,ALCOROCHEL,true
141902,14,19,02,TORRES NOVAS,ASSENTIZ,false
141903,14,19,03,TORRES NOVAS,BROGUEIRA,true
141904,14,19,04,TORRES NOVAS,CHANCELARIA,false
141905,14,19,05,TORRES NOVAS,LAPAS,true
141906,14,19,06,TORRES NOVAS,OLAIA,true
141907,14,19,07,TORRES NOVAS,PAÇO,true
141908,14,19,08,TORRES NOVAS,PARCEIROS DE IGREJA,true
141909,14,19,09,TORRES NOVAS,PEDROGÃO,false
141910,14,19,10,TORRES NOVAS,RIACHOS,false
141911,14,19,11,TORRES NOVAS,RIBEIRA BRANCA,true
141912,14,19,12,TORRES NOVAS,TORRES NOVAS (SALVADOR),true
141913,14,19,13,TORRES NOVAS,TORRES NOVAS (SANTA MARIA),true
141914,14,19,14,TORRES NOVAS,TORRES NOVAS (SANTIAGO),true
141915,14,19,15,TORRES NOVAS,TORRES NOVAS (SÃO PEDRO),true
141916,14,19,16,TORRES NOVAS,ZIBREIRA,false
141917,14,19,17,TORRES NOVAS,MEIA VIA,false
141918,14,19,18,TORRES NOVAS,"BROGUEIRA, PARCEIROS DE IGREJA E ALCOROCHEL",false
141919,14,19,19,TORRES NOVAS,OLAIA E PAÇO,false
141920,14,19,20,TORRES NOVAS,"TORRES NOVAS (SANTA MARIA, SALVADOR E SANTIAGO)",false
141921,14,19,21,TORRES NOVAS,"TORRES NOVAS (SÃO PEDRO), LAPAS E RIBEIRA BRANCA",false
142001,14,20,01,VILA NOVA DA BARQUINHA,ATALAIA,false
142002,14,20,02,VILA NOVA DA BARQUINHA,PRAIA DO RIBATEJO,false
142003,14,20,03,VILA NOVA DA BARQUINHA,TANCOS,false
142004,14,20,04,VILA NOVA DA BARQUINHA,VILA NOVA DA BARQUINHA,true
142005,14,20,05,VILA NOVA DA BARQUINHA,MOITA DO NORTE,true
142006,14,20,06,VILA NOVA DA BARQUINHA,VILA NOVA DA BARQUINHA,false
142101,14,21,01,OUREM,ALBURITEL,false
142102,14,21,02,OUREM,ATOUGUIA,false
142103,14,21,03,OUREM,CASAL DOS BERNARDOS,true
142104,14,21,04,OUREM,CAXARIAS,false
142105,14,21,05,OUREM,ESPITE,false
142106,14,21,06,OUREM,FATIMA,false
142107,14,21,07,OUREM,FORMIGAIS,true
142108,14,21,08,OUREM,FREIXIANDA,true
142109,14,21,09,OUREM,GONDEMARIA,true
142110,14,21,10,OUREM,OLIVAL,true
142111,14,21,11,OUREM,NOSSA SENHORA DAS MISERICORDIAS,false
142112,14,21,12,OUREM,RIO DE COUROS,true
142113,14,21,13,OUREM,SEIÇA,false
142114,14,21,14,OUREM,URQUEIRA,false
142115,14,21,15,OUREM,NOSSA SENHORA DA PIEDADE,false
142116,14,21,16,OUREM,MATAS,true
142117,14,21,17,OUREM,CERCAL,true
142118,14,21,18,OUREM,RIBEIRA DO FARRIO,true
142119,14,21,19,OUREM,"FREIXIANDA, RIBEIRA DO FARRIO E FORMIGAIS",false
142120,14,21,20,OUREM,GONDEMARIA E OLIVAL,false
142121,14,21,21,OUREM,MATAS E CERCAL,false
142122,14,21,22,OUREM,RIO DE COUROS E CASAL DOS BERNARDOS,false
150101,15,01,01,ALCACER DO SAL,ALCACER DO SAL (SANTA MARIA DO CASTELO),true
150102,15,01,02,ALCACER DO SAL,SANTA SUSANA,true
150103,15,01,03,ALCACER DO SAL,ALCACER DO SAL (SANTIAGO),true
150104,15,01,04,ALCACER DO SAL,TORRÃO,false
150105,15,01,05,ALCACER DO SAL,S. MARTINHO,false
150106,15,01,06,ALCACER DO SAL,COMPORTA,false
150107,15,01,07,ALCACER DO SAL,SANTA MARIA DO CASTELO E SANTIAGO E SANTA SUSANA,false
150201,15,02,01,ALCOCHETE,ALCOCHETE,false
150202,15,02,02,ALCOCHETE,SAMOUCO,false
150203,15,02,03,ALCOCHETE,S. FRANCISCO,false
150301,15,03,01,ALMADA,ALMADA,true
150302,15,03,02,ALMADA,CAPARICA,true
150303,15,03,03,ALMADA,COSTA DA CAPARICA,false
150304,15,03,04,ALMADA,COVA DA PIEDADE,true
150305,15,03,05,ALMADA,TRAFARIA,true
150306,15,03,06,ALMADA,CACILHAS,true
150307,15,03,07,ALMADA,PRAGAL,true
150308,15,03,08,ALMADA,SOBREDA,true
150309,15,03,09,ALMADA,CHARNECA DE CAPARICA,true
150310,15,03,10,ALMADA,LARANJEIRO,true
150311,15,03,11,ALMADA,FEIJO,true
150312,15,03,12,ALMADA,"ALMADA, COVA DA PIEDADE, PRAGAL E CACILHAS",false
150313,15,03,13,ALMADA,CAPARICA E TRAFARIA,false
150314,15,03,14,ALMADA,CHARNECA DE CAPARICA E SOBREDA,false
150315,15,03,15,ALMADA,LARANJEIRO E FEIJO,false
150401,15,04,01,BARREIRO,BARREIRO,true
150402,15,04,02,BARREIRO,LAVRADIO,true
150403,15,04,03,BARREIRO,PALHAIS,true
150404,15,04,04,BARREIRO,SANTO ANDRE,true
150405,15,04,05,BARREIRO,VERDERENA,true
150406,15,04,06,BARREIRO,ALTO DO SEIXALINHO,true
150407,15,04,07,BARREIRO,SANTO ANTONIO DA CHARNECA,false
150408,15,04,08,BARREIRO,COINA,true
150409,15,04,09,BARREIRO,"ALTO DO SEIXALINHO, SANTO ANDRE E VERDERENA",false
150410,15,04,10,BARREIRO,BARREIRO E LAVRADIO,false
150411,15,04,11,BARREIRO,PALHAIS E COINA,false
150501,15,05,01,GRANDOLA,AZINHEIRA DOS BARROS E SÃO MAMEDE DO SADÃO,false
150502,15,05,02,GRANDOLA,GRANDOLA,true
150503,15,05,03,GRANDOLA,MELIDES,false
150504,15,05,04,GRANDOLA,SANTA MARGARIDA DA SERRA,true
150505,15,05,05,GRANDOLA,CARVALHAL,false
150506,15,05,06,GRANDOLA,GRANDOLA E SANTA MARGARIDA DA SERRA,false
150601,15,06,01,MOITA,ALHOS VEDROS,false
150602,15,06,02,MOITA,BAIXA DA BANHEIRA,true
150603,15,06,03,MOITA,MOITA,false
150604,15,06,04,MOITA,GAIO-ROSARIO,true
150605,15,06,05,MOITA,SARILHOS PEQUENOS,true
150606,15,06,06,MOITA,VALE DA AMOREIRA,true
150607,15,06,07,MOITA,BAIXA DA BANHEIRA E VALE DA AMOREIRA,false
150608,15,06,08,MOITA,GAIO-ROSARIO E SARILHOS PEQUENOS,false
150701,15,07,01,MONTIJO,CANHA,false
150702,15,07,02,MONTIJO,MONTIJO,true
150703,15,07,03,MONTIJO,SANTO ISIDRO DE PEGÕES,true
150704,15,07,04,MONTIJO,SARILHOS GRANDES,false
150705,15,07,05,MONTIJO,ALTO-ESTANQUEIRO-JARDIA,true
150706,15,07,06,MONTIJO,PEGÕES,true
150707,15,07,07,MONTIJO,ATALAIA,true
150708,15,07,08,MONTIJO,AFONSOEIRO,true
150709,15,07,09,MONTIJO,ATALAIA E ALTO ESTANQUEIRO-JARDIA,false
150710,15,07,10,MONTIJO,MONTIJO E AFONSOEIRO,false
150711,15,07,11,MONTIJO,PEGÕES,false
150801,15,08,01,PALMELA,MARATECA,true
150802,15,08,02,PALMELA,PALMELA,false
150803,15,08,03,PALMELA,PINHAL NOVO,false
150804,15,08,04,PALMELA,QUINTA DO ANJO,false
150805,15,08,05,PALMELA,POCEIRÃO,true
150806,15,08,06,PALMELA,POCEIRÃO E MARATECA,false
150901,15,09,01,SANTIAGO DO CACEM,ABELA,false
150902,15,09,02,SANTIAGO DO CACEM,ALVALADE,false
150903,15,09,03,SANTIAGO DO CACEM,CERCAL,false
150904,15,09,04,SANTIAGO DO CACEM,ERMIDAS-SADO,false
150905,15,09,05,SANTIAGO DO CACEM,SANTA CRUZ,true
150906,15,09,06,SANTIAGO DO CACEM,SANTIAGO DO CACEM,true
150907,15,09,07,SANTIAGO DO CACEM,SANTO ANDRE,false
150908,15,09,08,SANTIAGO DO CACEM,SÃO BARTOLOMEU DA SERRA,true
150909,15,09,09,SANTIAGO DO CACEM,SÃO DOMINGOS,true
150910,15,09,10,SANTIAGO DO CACEM,S. FRANCISCO DA SERRA,false
150911,15,09,11,SANTIAGO DO CACEM,VALE DE AGUA,true
150912,15,09,12,SANTIAGO DO CACEM,"SANTIAGO DO CACEM, S.CRUZ E S.BARTOLOMEU DA SERRA",false
150913,15,09,13,SANTIAGO DO CACEM,SÃO DOMINGOS E VALE DE AGUA,false
151001,15,10,01,SEIXAL,ALDEIA DE PAIO PIRES,true
151002,15,10,02,SEIXAL,AMORA,false
151003,15,10,03,SEIXAL,ARRENTELA,true
151004,15,10,04,SEIXAL,SEIXAL,true
151005,15,10,05,SEIXAL,CORROIOS,false
151006,15,10,06,SEIXAL,FERNAO FERRO,false
151007,15,10,07,SEIXAL,"SEIXAL, ARRENTELA E ALDEIA DE PAIO PIRES",false
151101,15,11,01,SESIMBRA,SESIMBRA (CASTELO),false
151102,15,11,02,SESIMBRA,SESIMBRA (SANTIAGO),false
151103,15,11,03,SESIMBRA,QUINTA DO CONDE,false
151201,15,12,01,SETUBAL,SETUBAL (NOSSA SENHORA DA ANUNCIADA),true
151202,15,12,02,SETUBAL,SETUBAL (SANTA MARIA DA GRAÇA),true
151203,15,12,03,SETUBAL,SETUBAL (SÃO JULIÃO),true
151204,15,12,04,SETUBAL,SÃO LOURENÇO,true
151205,15,12,05,SETUBAL,SETUBAL (S. SEBASTIÃO),false
151206,15,12,06,SETUBAL,SÃO SIMÃO,true
151207,15,12,07,SETUBAL,GAMBIA-PONTES-ALTO DA GUERRA,false
151208,15,12,08,SETUBAL,SADO,false
151209,15,12,09,SETUBAL,AZEITÃO (SÃO LOURENÇO E SÃO SIMÃO),false
151210,15,12,10,SETUBAL,"S.JULIÃO, N.S. DA ANUNCIADA E S.MARIA DA GRAÇA",false
151301,15,13,01,SINES,SINES,false
151302,15,13,02,SINES,PORTO COVO,false
160101,16,01,01,ARCOS DE VALDEVEZ,ABOIM DAS CHOÇAS,false
160102,16,01,02,ARCOS DE VALDEVEZ,AGUIÃ,false
160103,16,01,03,ARCOS DE VALDEVEZ,ALVORA,true
160104,16,01,04,ARCOS DE VALDEVEZ,AZERE,false
160105,16,01,05,ARCOS DE VALDEVEZ,CABANA MAIOR,false
160106,16,01,06,ARCOS DE VALDEVEZ,CABREIRO,false
160107,16,01,07,ARCOS DE VALDEVEZ,CARRALCOVA,true
160108,16,01,08,ARCOS DE VALDEVEZ,CENDUFE,false
160109,16,01,09,ARCOS DE VALDEVEZ,COUTO,false
160110,16,01,10,ARCOS DE VALDEVEZ,EIRAS,true
160111,16,01,11,ARCOS DE VALDEVEZ,ERMELO,true
160112,16,01,12,ARCOS DE VALDEVEZ,EXTREMO,true
160113,16,01,13,ARCOS DE VALDEVEZ,GAVIEIRA,false
160114,16,01,14,ARCOS DE VALDEVEZ,GIELA,true
160115,16,01,15,ARCOS DE VALDEVEZ,GONDORIZ,false
160116,16,01,16,ARCOS DE VALDEVEZ,GRADE,true
160117,16,01,17,ARCOS DE VALDEVEZ,GUILHADESES,true
160118,16,01,18,ARCOS DE VALDEVEZ,LOUREDA,true
160119,16,01,19,ARCOS DE VALDEVEZ,JOLDA (MADALENA),true
160120,16,01,20,ARCOS DE VALDEVEZ,MEI,true
160121,16,01,21,ARCOS DE VALDEVEZ,MIRANDA,false
160122,16,01,22,ARCOS DE VALDEVEZ,MONTE REDONDO,false
160123,16,01,23,ARCOS DE VALDEVEZ,OLIVEIRA,false
160124,16,01,24,ARCOS DE VALDEVEZ,PAÇO,false
160125,16,01,25,ARCOS DE VALDEVEZ,PADROSO,false
160126,16,01,26,ARCOS DE VALDEVEZ,PARADA,true
160127,16,01,27,ARCOS DE VALDEVEZ,PORTELA,true
160128,16,01,28,ARCOS DE VALDEVEZ,PROZELO,false
160129,16,01,29,ARCOS DE VALDEVEZ,RIO CABRÃO,true
160130,16,01,30,ARCOS DE VALDEVEZ,RIO FRIO,false
160131,16,01,31,ARCOS DE VALDEVEZ,RIO DE MOINHOS,false
160132,16,01,32,ARCOS DE VALDEVEZ,SA,true
160133,16,01,33,ARCOS DE VALDEVEZ,SABADIM,false
160134,16,01,34,ARCOS DE VALDEVEZ,ARCOS DE VALDEVEZ (SALVADOR),true
160135,16,01,35,ARCOS DE VALDEVEZ,PADREIRO (SALVADOR),true
160136,16,01,36,ARCOS DE VALDEVEZ,PADREIRO (SANTA CRISTINA),true
160137,16,01,37,ARCOS DE VALDEVEZ,TAVORA (SANTA MARIA),true
160138,16,01,38,ARCOS DE VALDEVEZ,SANTAR,true
160139,16,01,39,ARCOS DE VALDEVEZ,SÃO COSME E SÃO DAMIÃO,true
160140,16,01,40,ARCOS DE VALDEVEZ,SÃO JORGE,true
160141,16,01,41,ARCOS DE VALDEVEZ,ARCOS DE VALDEVEZ (SÃO PAIO),true
160142,16,01,42,ARCOS DE VALDEVEZ,JOLDA (S. PAIO),false
160143,16,01,43,ARCOS DE VALDEVEZ,TAVORA (SÃO VICENTE),true
160144,16,01,44,ARCOS DE VALDEVEZ,SENHAREI,false
160145,16,01,45,ARCOS DE VALDEVEZ,SISTELO,false
160146,16,01,46,ARCOS DE VALDEVEZ,SOAJO,false
160147,16,01,47,ARCOS DE VALDEVEZ,SOUTO,true
160148,16,01,48,ARCOS DE VALDEVEZ,TABAÇO,true
160149,16,01,49,ARCOS DE VALDEVEZ,VALE,false
160150,16,01,50,ARCOS DE VALDEVEZ,VILA FONCHE,true
160151,16,01,51,ARCOS DE VALDEVEZ,VILELA,true
160152,16,01,52,ARCOS DE VALDEVEZ,ALVORA E LOUREDA,false
160153,16,01,53,ARCOS DE VALDEVEZ,ARCOS DE VALDEVEZ (SÃO PAIO) E GIELA,false
160154,16,01,54,ARCOS DE VALDEVEZ,"SALVADOR, VILA FONCHE E PARADA",false
160155,16,01,55,ARCOS DE VALDEVEZ,EIRAS E MEI,false
160156,16,01,56,ARCOS DE VALDEVEZ,GRADE E CARRALCOVA,false
160157,16,01,57,ARCOS DE VALDEVEZ,GUILHADESES E SANTAR,false
160158,16,01,58,ARCOS DE VALDEVEZ,JOLDA (MADALENA) E RIO CABRÃO,false
160159,16,01,59,ARCOS DE VALDEVEZ,PADREIRO (SALVADOR E SANTA CRISTINA),false
160160,16,01,60,ARCOS DE VALDEVEZ,PORTELA E EXTREMO,false
160161,16,01,61,ARCOS DE VALDEVEZ,SÃO JORGE E ERMELO,false
160162,16,01,62,ARCOS DE VALDEVEZ,SOUTO E TABAÇO,false
160163,16,01,63,ARCOS DE VALDEVEZ,TAVORA (SANTA MARIA E SÃO VICENTE),false
160164,16,01,64,ARCOS DE VALDEVEZ,"VILELA, SÃO COSME E SÃO DAMIÃO E SA",false
160201,16,02,01,CAMINHA,ANCORA,false
160202,16,02,02,CAMINHA,ARGA DE BAIXO,true
160203,16,02,03,CAMINHA,ARGA DE CIMA,true
160204,16,02,04,CAMINHA,ARGA DE SÃO JOÃO,true
160205,16,02,05,CAMINHA,ARGELA,false
160206,16,02,06,CAMINHA,AZEVEDO,true
160207,16,02,07,CAMINHA,CAMINHA (MATRIZ),true
160208,16,02,08,CAMINHA,CRISTELO,true
160209,16,02,09,CAMINHA,DEM,false
160210,16,02,10,CAMINHA,GONDAR,true
160211,16,02,11,CAMINHA,LANHELAS,false
160212,16,02,12,CAMINHA,MOLEDO,true
160213,16,02,13,CAMINHA,ORBACEM,true
160214,16,02,14,CAMINHA,RIBA DE ANCORA,false
160215,16,02,15,CAMINHA,SEIXAS,false
160216,16,02,16,CAMINHA,VENADE,true
160217,16,02,17,CAMINHA,VILA PRAIA DE ANCORA,false
160218,16,02,18,CAMINHA,VILAR DE MOUROS,false
160219,16,02,19,CAMINHA,VILARELHO,true
160220,16,02,20,CAMINHA,VILE,false
160221,16,02,21,CAMINHA,"ARGA (BAIXO, CIMA E SÃO JOÃO)",false
160222,16,02,22,CAMINHA,CAMINHA (MATRIZ) E VILARELHO,false
160223,16,02,23,CAMINHA,GONDAR E ORBACEM,false
160224,16,02,24,CAMINHA,MOLEDO E CRISTELO,false
160225,16,02,25,CAMINHA,VENADE E AZEVEDO,false
160301,16,03,01,MELGAÇO,ALVAREDO,false
160302,16,03,02,MELGAÇO,CASTRO LABOREIRO,true
160303,16,03,03,MELGAÇO,CHAVIÃES,true
160304,16,03,04,MELGAÇO,COUSSO,false
160305,16,03,05,MELGAÇO,CRISTOVAL,false
160306,16,03,06,MELGAÇO,CUBALHÃO,true
160307,16,03,07,MELGAÇO,FIÃES,false
160308,16,03,08,MELGAÇO,GAVE,false
160309,16,03,09,MELGAÇO,LAMAS DE MOURO,true
160310,16,03,10,MELGAÇO,PAÇOS,true
160311,16,03,11,MELGAÇO,PADERNE,false
160312,16,03,12,MELGAÇO,PARADA DO MONTE,true
160313,16,03,13,MELGAÇO,PENSO,false
160314,16,03,14,MELGAÇO,PRADO,true
160315,16,03,15,MELGAÇO,REMOÃES,true
160316,16,03,16,MELGAÇO,ROUSSAS,true
160317,16,03,17,MELGAÇO,S. PAIO,false
160318,16,03,18,MELGAÇO,VILA,true
160319,16,03,19,MELGAÇO,CASTRO LABOREIRO E LAMAS DE MOURO,false
160320,16,03,20,MELGAÇO,CHAVIÃES E PAÇOS,false
160321,16,03,21,MELGAÇO,PARADA DO MONTE E CUBALHÃO,false
160322,16,03,22,MELGAÇO,PRADO E REMOÃES,false
160323,16,03,23,MELGAÇO,VILA E ROUSSAS,false
160401,16,04,01,MONÇÃO,ABEDIM,false
160402,16,04,02,MONÇÃO,ANHÕES,true
160403,16,04,03,MONÇÃO,BADIM,true
160404,16,04,04,MONÇÃO,BARBEITA,false
160405,16,04,05,MONÇÃO,BARROÇAS E TAIAS,false
160406,16,04,06,MONÇÃO,BELA,false
160407,16,04,07,MONÇÃO,CAMBESES,false
160408,16,04,08,MONÇÃO,CEIVÃES,true
160409,16,04,09,MONÇÃO,LAPELA,true
160410,16,04,10,MONÇÃO,LARA,false
160411,16,04,11,MONÇÃO,LONGOS VALES,false
160412,16,04,12,MONÇÃO,LORDELO,true
160413,16,04,13,MONÇÃO,LUZIO,true
160414,16,04,14,MONÇÃO,MAZEDO,true
160415,16,04,15,MONÇÃO,MERUFE,false
160416,16,04,16,MONÇÃO,MESSEGÃES,true
160417,16,04,17,MONÇÃO,MONÇÃO,true
160418,16,04,18,MONÇÃO,MOREIRA,false
160419,16,04,19,MONÇÃO,PARADA,true
160420,16,04,20,MONÇÃO,PIAS,false
160421,16,04,21,MONÇÃO,PINHEIROS,false
160422,16,04,22,MONÇÃO,PODAME,false
160423,16,04,23,MONÇÃO,PORTELA,false
160424,16,04,24,MONÇÃO,RIBA DE MOURO,false
160425,16,04,25,MONÇÃO,SA,true
160426,16,04,26,MONÇÃO,SAGO,true
160427,16,04,27,MONÇÃO,SEGUDE,false
160428,16,04,28,MONÇÃO,TANGIL,false
160429,16,04,29,MONÇÃO,TROPORIZ,true
160430,16,04,30,MONÇÃO,TROVISCOSO,true
160431,16,04,31,MONÇÃO,TRUTE,false
160432,16,04,32,MONÇÃO,VALADARES,true
160433,16,04,33,MONÇÃO,CORTES,true
160434,16,04,34,MONÇÃO,ANHÕES E LUZIO,false
160435,16,04,35,MONÇÃO,CEIVÃES E BADIM,false
160436,16,04,36,MONÇÃO,MAZEDO E CORTES,false
160437,16,04,37,MONÇÃO,"MESSEGÃES, VALADARES E SA",false
160438,16,04,38,MONÇÃO,MONÇÃO E TROVISCOSO,false
160439,16,04,39,MONÇÃO,"SAGO, LORDELO E PARADA",false
160440,16,04,40,MONÇÃO,TROPORIZ E LAPELA,false
160501,16,05,01,PAREDES DE COURA,AGUALONGA,false
160502,16,05,02,PAREDES DE COURA,BICO,true
160503,16,05,03,PAREDES DE COURA,CASTANHEIRA,false
160504,16,05,04,PAREDES DE COURA,COSSOURADO,true
160505,16,05,05,PAREDES DE COURA,COURA,false
160506,16,05,06,PAREDES DE COURA,CRISTELO,true
160507,16,05,07,PAREDES DE COURA,CUNHA,false
160508,16,05,08,PAREDES DE COURA,FERREIRA,true
160509,16,05,09,PAREDES DE COURA,FORMARIZ,true
160510,16,05,10,PAREDES DE COURA,INFESTA,false
160511,16,05,11,PAREDES DE COURA,INSALDE,true
160512,16,05,12,PAREDES DE COURA,LINHARES,true
160513,16,05,13,PAREDES DE COURA,MOZELOS,false
160514,16,05,14,PAREDES DE COURA,PADORNELO,false
160515,16,05,15,PAREDES DE COURA,PARADA,false
160516,16,05,16,PAREDES DE COURA,PAREDES DE COURA,true
160517,16,05,17,PAREDES DE COURA,PORREIRAS,true
160518,16,05,18,PAREDES DE COURA,RESENDE,true
160519,16,05,19,PAREDES DE COURA,ROMARIGÃES,false
160520,16,05,20,PAREDES DE COURA,RUBIÃES,false
160521,16,05,21,PAREDES DE COURA,VASCÕES,false
160522,16,05,22,PAREDES DE COURA,BICO E CRISTELO,false
160523,16,05,23,PAREDES DE COURA,COSSOURADO E LINHARES,false
160524,16,05,24,PAREDES DE COURA,FORMARIZ E FERREIRA,false
160525,16,05,25,PAREDES DE COURA,INSALDE E PORREIRAS,false
160526,16,05,26,PAREDES DE COURA,PAREDES DE COURA E RESENDE,false
160601,16,06,01,PONTE DA BARCA,AZIAS,false
160602,16,06,02,PONTE DA BARCA,BOIVÃES,false
160603,16,06,03,PONTE DA BARCA,BRAVÃES,false
160604,16,06,04,PONTE DA BARCA,BRITELO,false
160605,16,06,05,PONTE DA BARCA,CRASTO,true
160606,16,06,06,PONTE DA BARCA,CUIDE DE VILA VERDE,false
160607,16,06,07,PONTE DA BARCA,ENTRE AMBOS-OS-RIOS,true
160608,16,06,08,PONTE DA BARCA,ERMIDA,true
160609,16,06,09,PONTE DA BARCA,GERMIL,true
160610,16,06,10,PONTE DA BARCA,GROVELAS,true
160611,16,06,11,PONTE DA BARCA,LAVRADAS,false
160612,16,06,12,PONTE DA BARCA,LINDOSO,false
160613,16,06,13,PONTE DA BARCA,NOGUEIRA,false
160614,16,06,14,PONTE DA BARCA,OLEIROS,false
160615,16,06,15,PONTE DA BARCA,PAÇO VEDRO DE MAGALHÃES,true
160616,16,06,16,PONTE DA BARCA,PONTE DA BARCA,true
160617,16,06,17,PONTE DA BARCA,RUIVOS,true
160618,16,06,18,PONTE DA BARCA,TOUVEDO (SALVADOR),true
160619,16,06,19,PONTE DA BARCA,SAMPRIZ,false
160620,16,06,20,PONTE DA BARCA,VILA CHÃ (SANTIAGO),true
160621,16,06,21,PONTE DA BARCA,VILA CHÃ (SÃO JOÃO BAPTISTA),true
160622,16,06,22,PONTE DA BARCA,TOUVEDO (SÃO LOURENÇO),true
160623,16,06,23,PONTE DA BARCA,VADE (S. PEDRO),false
160624,16,06,24,PONTE DA BARCA,VADE (S. TOME),false
160625,16,06,25,PONTE DA BARCA,VILA NOVA DE MUIA,true
160626,16,06,26,PONTE DA BARCA,"CRASTO, RUIVOS E GROVELAS",false
160627,16,06,27,PONTE DA BARCA,"ENTRE AMBOS-OS-RIOS, ERMIDA E GERMIL",false
160628,16,06,28,PONTE DA BARCA,"PONTE DA BARCA, V.N. MUIA, PAÇO VEDRO MAGALHÃES",false
160629,16,06,29,PONTE DA BARCA,TOUVEDO (SÃO LOURENÇO E SALVADOR),false
160630,16,06,30,PONTE DA BARCA,VILA CHÃ (SÃO JOÃO BAPTISTA E SANTIAGO),false
160701,16,07,01,PONTE DE LIMA,ANAIS,false
160702,16,07,02,PONTE DE LIMA,ARCA,true
160703,16,07,03,PONTE DE LIMA,SÃO PEDRO DE ARCOS,false
160704,16,07,04,PONTE DE LIMA,ARCOZELO,false
160705,16,07,05,PONTE DE LIMA,ARDEGÃO,true
160706,16,07,06,PONTE DE LIMA,BARRIO,true
160707,16,07,07,PONTE DE LIMA,BEIRAL DO LIMA,false
160708,16,07,08,PONTE DE LIMA,BERTIANDOS,false
160709,16,07,09,PONTE DE LIMA,BOALHOSA,false
160710,16,07,10,PONTE DE LIMA,BRANDARA,false
160711,16,07,11,PONTE DE LIMA,CABAÇOS,true
160712,16,07,12,PONTE DE LIMA,CABRAÇÃO,true
160713,16,07,13,PONTE DE LIMA,CALHEIROS,false
160714,16,07,14,PONTE DE LIMA,CALVELO,false
160715,16,07,15,PONTE DE LIMA,CEPÕES,true
160716,16,07,16,PONTE DE LIMA,CORRELHÃ,false
160717,16,07,17,PONTE DE LIMA,ESTORÃOS,false
160718,16,07,18,PONTE DE LIMA,FACHA,false
160719,16,07,19,PONTE DE LIMA,FEITOSA,false
160720,16,07,20,PONTE DE LIMA,FOJO LOBAL,true
160721,16,07,21,PONTE DE LIMA,FONTÃO,false
160722,16,07,22,PONTE DE LIMA,FORNELOS,true
160723,16,07,23,PONTE DE LIMA,FREIXO,true
160724,16,07,24,PONTE DE LIMA,FRIASTELAS,false
160725,16,07,25,PONTE DE LIMA,GAIFAR,true
160726,16,07,26,PONTE DE LIMA,GANDRA,false
160727,16,07,27,PONTE DE LIMA,GEMIEIRA,false
160728,16,07,28,PONTE DE LIMA,GONDUFE,false
160729,16,07,29,PONTE DE LIMA,LABRUJA,false
160730,16,07,30,PONTE DE LIMA,LABRUJO,true
160731,16,07,31,PONTE DE LIMA,MATO,true
160732,16,07,32,PONTE DE LIMA,MOREIRA DO LIMA,true
160733,16,07,33,PONTE DE LIMA,NAVIO,true
160734,16,07,34,PONTE DE LIMA,POIARES,false
160735,16,07,35,PONTE DE LIMA,PONTE DE LIMA,true
160736,16,07,36,PONTE DE LIMA,QUEIJADA,true
160737,16,07,37,PONTE DE LIMA,REFOIOS DO LIMA,false
160738,16,07,38,PONTE DE LIMA,RENDUFE,true
160739,16,07,39,PONTE DE LIMA,RIBEIRA,false
160740,16,07,40,PONTE DE LIMA,SA,false
160741,16,07,41,PONTE DE LIMA,SANDIÃES,true
160742,16,07,42,PONTE DE LIMA,SANTA COMBA,false
160743,16,07,43,PONTE DE LIMA,SANTA CRUZ DO LIMA,false
160744,16,07,44,PONTE DE LIMA,REBORDÕES (SANTA MARIA),false
160745,16,07,45,PONTE DE LIMA,SEARA,false
160746,16,07,46,PONTE DE LIMA,SERDEDELO,false
160747,16,07,47,PONTE DE LIMA,REBORDÕES (SOUTO),false
160748,16,07,48,PONTE DE LIMA,VILAR DAS ALMAS,true
160749,16,07,49,PONTE DE LIMA,VILAR DO MONTE,true
160750,16,07,50,PONTE DE LIMA,VITORINO DAS DONAS,false
160751,16,07,51,PONTE DE LIMA,VITORINO DOS PIÃES,true
160752,16,07,52,PONTE DE LIMA,ARCA E PONTE DE LIMA,false
160753,16,07,53,PONTE DE LIMA,"ARDEGÃO, FREIXO E MATO",false
160754,16,07,54,PONTE DE LIMA,ASSOCIAÇÃO DE FREGUESIAS DO VALE DO NEIVA,false
160755,16,07,55,PONTE DE LIMA,BARRIO E CEPÕES,false
160756,16,07,56,PONTE DE LIMA,CABAÇOS E FOJO LOBAL,false
160757,16,07,57,PONTE DE LIMA,CABRAÇÃO E MOREIRA DO LIMA,false
160758,16,07,58,PONTE DE LIMA,FORNELOS E QUEIJADA,false
160759,16,07,59,PONTE DE LIMA,"LABRUJO, RENDUFE E VILAR DO MONTE",false
160760,16,07,60,PONTE DE LIMA,NAVIO E VITORINO DOS PIÃES,false
160801,16,08,01,VALENÇA,ARÃO,true
160802,16,08,02,VALENÇA,BOIVÃO,false
160803,16,08,03,VALENÇA,CERDAL,false
160804,16,08,04,VALENÇA,CRISTELO COVO,true
160805,16,08,05,VALENÇA,FONTOURA,false
160806,16,08,06,VALENÇA,FRIESTAS,false
160807,16,08,07,VALENÇA,GANDRA,true
160808,16,08,08,VALENÇA,GANFEI,false
160809,16,08,09,VALENÇA,GONDOMIL,true
160810,16,08,10,VALENÇA,SANFINS,true
160811,16,08,11,VALENÇA,SÃO JULIÃO,true
160812,16,08,12,VALENÇA,S. PEDRO DA TORRE,false
160813,16,08,13,VALENÇA,SILVA,true
160814,16,08,14,VALENÇA,TAIÃO,true
160815,16,08,15,VALENÇA,VALENÇA,true
160816,16,08,16,VALENÇA,VERDOEJO,false
160817,16,08,17,VALENÇA,GANDRA E TAIÃO,false
160818,16,08,18,VALENÇA,GONDOMIL E SANFINS,false
160819,16,08,19,VALENÇA,SÃO JULIÃO E SILVA,false
160820,16,08,20,VALENÇA,"VALENÇA, CRISTELO COVO E ARÃO",false
160901,16,09,01,VIANA DO CASTELO,AFIFE,false
160902,16,09,02,VIANA DO CASTELO,ALVARÃES,false
160903,16,09,03,VIANA DO CASTELO,AMONDE,false
160904,16,09,04,VIANA DO CASTELO,VILA NOVA DE ANHA,false
160905,16,09,05,VIANA DO CASTELO,AREOSA,false
160906,16,09,06,VIANA DO CASTELO,BARROSELAS,true
160907,16,09,07,VIANA DO CASTELO,CARDIELOS,true
160908,16,09,08,VIANA DO CASTELO,CARREÇO,false
160909,16,09,09,VIANA DO CASTELO,CARVOEIRO,true
160910,16,09,10,VIANA DO CASTELO,CASTELO DO NEIVA,false
160911,16,09,11,VIANA DO CASTELO,DARQUE,false
160912,16,09,12,VIANA DO CASTELO,DEÃO,true
160913,16,09,13,VIANA DO CASTELO,DEOCRISTE,true
160914,16,09,14,VIANA DO CASTELO,FREIXIEIRO DE SOUTELO,false
160915,16,09,15,VIANA DO CASTELO,LANHESES,false
160916,16,09,16,VIANA DO CASTELO,MAZAREFES,true
160917,16,09,17,VIANA DO CASTELO,MEADELA,true
160918,16,09,18,VIANA DO CASTELO,MEIXEDO,true
160919,16,09,19,VIANA DO CASTELO,VIANA DO CASTELO (MONSERRATE),true
160920,16,09,20,VIANA DO CASTELO,MONTARIA,false
160921,16,09,21,VIANA DO CASTELO,MOREIRA DE GERAZ DO LIMA,true
160922,16,09,22,VIANA DO CASTELO,MUJÃES,false
160923,16,09,23,VIANA DO CASTELO,SÃO ROMÃO DE NEIVA,false
160924,16,09,24,VIANA DO CASTELO,NOGUEIRA,true
160925,16,09,25,VIANA DO CASTELO,OUTEIRO,false
160926,16,09,26,VIANA DO CASTELO,PERRE,false
160927,16,09,27,VIANA DO CASTELO,PORTELA SUSÃ,true
160928,16,09,28,VIANA DO CASTELO,SANTA MARTA DE PORTUZELO,false
160929,16,09,29,VIANA DO CASTELO,GERAZ DO LIMA (SANTA LEOCADIA),true
160930,16,09,30,VIANA DO CASTELO,GERAZ DO LIMA (SANTA MARIA),true
160931,16,09,31,VIANA DO CASTELO,VIANA DO CASTELO (SANTA MARIA MAIOR),true
160932,16,09,32,VIANA DO CASTELO,SERRELEIS,true
160933,16,09,33,VIANA DO CASTELO,SUBPORTELA,true
160934,16,09,34,VIANA DO CASTELO,TORRE,true
160935,16,09,35,VIANA DO CASTELO,VILA FRANCA,false
160936,16,09,36,VIANA DO CASTELO,VILA FRIA,true
160937,16,09,37,VIANA DO CASTELO,VILA MOU,true
160938,16,09,38,VIANA DO CASTELO,VILA DE PUNHE,false
160939,16,09,39,VIANA DO CASTELO,VILAR DE MURTEDA,true
160940,16,09,40,VIANA DO CASTELO,CHAFE,false
160941,16,09,41,VIANA DO CASTELO,BARROSELAS E CARVOEIRO,false
160942,16,09,42,VIANA DO CASTELO,CARDIELOS E SERRELEIS,false
160943,16,09,43,VIANA DO CASTELO,"GERAZ DO LIMA (S.MARIA, S.LEOCADIA, MOREIRA), DEÃO",false
160944,16,09,44,VIANA DO CASTELO,MAZAREFES E VILA FRIA,false
160945,16,09,45,VIANA DO CASTELO,"NOGUEIRA, MEIXEDO E VILAR DE MURTEDA",false
160946,16,09,46,VIANA DO CASTELO,"SUBPORTELA, DEOCRISTE E PORTELA SUSÃ",false
160947,16,09,47,VIANA DO CASTELO,TORRE E VILA MOU,false
160948,16,09,48,VIANA DO CASTELO,SANTA MARIA MAIOR E MONSERRATE E MEADELA,false
161001,16,10,01,VILA NOVA DE CERVEIRA,CAMPOS,true
161002,16,10,02,VILA NOVA DE CERVEIRA,CANDEMIL,true
161003,16,10,03,VILA NOVA DE CERVEIRA,CORNES,false
161004,16,10,04,VILA NOVA DE CERVEIRA,COVAS,false
161005,16,10,05,VILA NOVA DE CERVEIRA,GONDAR,true
161006,16,10,06,VILA NOVA DE CERVEIRA,GONDAREM,false
161007,16,10,07,VILA NOVA DE CERVEIRA,LOIVO,false
161008,16,10,08,VILA NOVA DE CERVEIRA,LOVELHE,true
161009,16,10,09,VILA NOVA DE CERVEIRA,MENTRESTIDO,false
161010,16,10,10,VILA NOVA DE CERVEIRA,NOGUEIRA,true
161011,16,10,11,VILA NOVA DE CERVEIRA,REBOREDA,true
161012,16,10,12,VILA NOVA DE CERVEIRA,SAPARDOS,false
161013,16,10,13,VILA NOVA DE CERVEIRA,SOPO,false
161014,16,10,14,VILA NOVA DE CERVEIRA,VILA MEÃ,true
161015,16,10,15,VILA NOVA DE CERVEIRA,VILA NOVA DE CERVEIRA,true
161016,16,10,16,VILA NOVA DE CERVEIRA,CAMPOS E VILA MEÃ,false
161017,16,10,17,VILA NOVA DE CERVEIRA,CANDEMIL E GONDAR,false
161018,16,10,18,VILA NOVA DE CERVEIRA,REBOREDA E NOGUEIRA,false
161019,16,10,19,VILA NOVA DE CERVEIRA,VILA NOVA DE CERVEIRA E LOVELHE,false
170101,17,01,01,ALIJO,ALIJO,false
170102,17,01,02,ALIJO,AMIEIRO,true
170103,17,01,03,ALIJO,CARLÃO,true
170104,17,01,04,ALIJO,CASAL DE LOIVOS,true
170105,17,01,05,ALIJO,CASTEDO,true
170106,17,01,06,ALIJO,COTAS,true
170107,17,01,07,ALIJO,FAVAIOS,false
170108,17,01,08,ALIJO,PEGARINHOS,false
170109,17,01,09,ALIJO,PINHÃO,false
170110,17,01,10,ALIJO,POPULO,true
170111,17,01,11,ALIJO,RIBALONGA,true
170112,17,01,12,ALIJO,SANFINS DO DOURO,false
170113,17,01,13,ALIJO,SANTA EUGENIA,false
170114,17,01,14,ALIJO,S. MAMEDE DE RIBATUA,false
170115,17,01,15,ALIJO,VALE DE MENDIZ,true
170116,17,01,16,ALIJO,VILA CHÃ,false
170117,17,01,17,ALIJO,VILA VERDE,false
170118,17,01,18,ALIJO,VILAR DE MAÇADA,false
170119,17,01,19,ALIJO,VILARINHO DE COTAS,true
170120,17,01,20,ALIJO,CARLÃO E AMIEIRO,false
170121,17,01,21,ALIJO,CASTEDO E COTAS,false
170122,17,01,22,ALIJO,POPULO E RIBALONGA,false
170123,17,01,23,ALIJO,"VALE MENDIZ, CASAL LOIVOS, VILARINHO COTAS",false
170201,17,02,01,BOTICAS,ALTURAS DO BARROSO,true
170202,17,02,02,BOTICAS,ARDÃOS,true
170203,17,02,03,BOTICAS,BEÇA,false
170204,17,02,04,BOTICAS,BOBADELA,true
170205,17,02,05,BOTICAS,BOTICAS,true
170206,17,02,06,BOTICAS,CERDEDO,true
170207,17,02,07,BOTICAS,CODESSOSO,true
170208,17,02,08,BOTICAS,COVAS DO BARROSO,false
170209,17,02,09,BOTICAS,CURROS,true
170210,17,02,10,BOTICAS,DORNELAS,false
170211,17,02,11,BOTICAS,FIÃES DO TAMEGA,true
170212,17,02,12,BOTICAS,GRANJA,true
170213,17,02,13,BOTICAS,PINHO,false
170214,17,02,14,BOTICAS,SÃO SALVADOR DE VIVEIRO,true
170215,17,02,15,BOTICAS,SAPIÃOS,false
170216,17,02,16,BOTICAS,VILAR,true
170217,17,02,17,BOTICAS,ALTURAS DO BARROSO E CERDEDO,false
170218,17,02,18,BOTICAS,ARDÃOS E BOBADELA,false
170219,17,02,19,BOTICAS,BOTICAS E GRANJA,false
170220,17,02,20,BOTICAS,"CODESSOSO, CURROS E FIÃES DO TAMEGA",false
170221,17,02,21,BOTICAS,VILAR E VIVEIRO,false
170301,17,03,01,CHAVES,AGUAS FRIAS,false
170302,17,03,02,CHAVES,ANELHE,false
170303,17,03,03,CHAVES,ARCOSSO,true
170304,17,03,04,CHAVES,BOBADELA,true
170305,17,03,05,CHAVES,BUSTELO,false
170306,17,03,06,CHAVES,CALVÃO,true
170307,17,03,07,CHAVES,CELA,true
170308,17,03,08,CHAVES,CHAVES (FREGUESIA EXTINTA),false
170309,17,03,09,CHAVES,CIMO DE VILA DA CASTANHEIRA,false
170310,17,03,10,CHAVES,CURALHA,false
170311,17,03,11,CHAVES,EIRAS,true
170312,17,03,12,CHAVES,ERVEDEDO,false
170313,17,03,13,CHAVES,FAIÕES,false
170314,17,03,14,CHAVES,LAMA DE ARCOS,false
170315,17,03,15,CHAVES,LOIVOS,true
170316,17,03,16,CHAVES,MAIROS,false
170317,17,03,17,CHAVES,MOREIRAS,false
170318,17,03,18,CHAVES,NOGUEIRA DA MONTANHA,false
170319,17,03,19,CHAVES,OUCIDRES,true
170320,17,03,20,CHAVES,OURA,false
170321,17,03,21,CHAVES,OUTEIRO SECO,false
170322,17,03,22,CHAVES,PARADELA,false
170323,17,03,23,CHAVES,POVOA DE AGRAÇÕES,true
170324,17,03,24,CHAVES,REDONDELO,false
170325,17,03,25,CHAVES,RORIZ,true
170326,17,03,26,CHAVES,SAMAIÕES,true
170327,17,03,27,CHAVES,SANFINS,false
170328,17,03,28,CHAVES,SANJURGE,true
170329,17,03,29,CHAVES,SANTA LEOCADIA,false
170330,17,03,30,CHAVES,SANTO ANTONIO DE MONFORTE,false
170331,17,03,31,CHAVES,SANTO ESTEVÃO,false
170332,17,03,32,CHAVES,SÃO JULIÃO DE MONTENEGRO,true
170333,17,03,33,CHAVES,S. PEDRO DE AGOSTEM,false
170334,17,03,34,CHAVES,S. VICENTE,false
170335,17,03,35,CHAVES,SEARA VELHA,true
170336,17,03,36,CHAVES,SELHARIZ,true
170337,17,03,37,CHAVES,SOUTELINHO DA RAIA,true
170338,17,03,38,CHAVES,SOUTELO,true
170339,17,03,39,CHAVES,TRAVANCAS,true
170340,17,03,40,CHAVES,TRONCO,false
170341,17,03,41,CHAVES,VALE DE ANTA,false
170342,17,03,42,CHAVES,VIDAGO,true
170343,17,03,43,CHAVES,VILA VERDE DA RAIA,false
170344,17,03,44,CHAVES,VILAR DE NANTES,false
170345,17,03,45,CHAVES,VILARELHO DA RAIA,false
170346,17,03,46,CHAVES,VILARINHO DAS PARANHEIRAS,true
170347,17,03,47,CHAVES,VILAS BOAS,false
170348,17,03,48,CHAVES,VILELA SECA,false
170349,17,03,49,CHAVES,VILELA DO TAMEGA,false
170350,17,03,50,CHAVES,SANTA MARIA MAIOR,false
170351,17,03,51,CHAVES,MADALENA,true
170352,17,03,52,CHAVES,SANTA CRUZ/TRINDADE,true
170353,17,03,53,CHAVES,PLANALTO DE MONFORTE (OUCIDRES E BOBADELA),false
170354,17,03,54,CHAVES,MADALENA E SAMAIÕES,false
170355,17,03,55,CHAVES,"EIRAS, SÃO JULIÃO DE MONTENEGRO E CELA",false
170356,17,03,56,CHAVES,CALVÃO E SOUTELINHO DA RAIA,false
170357,17,03,57,CHAVES,LOIVOS E POVOA DE AGRAÇÕES,false
170358,17,03,58,CHAVES,SANTA CRUZ/TRINDADE E SANJURGE,false
170359,17,03,59,CHAVES,SOUTELO E SEARA VELHA,false
170360,17,03,60,CHAVES,TRAVANCAS E RORIZ,false
170361,17,03,61,CHAVES,"VIDAGO, ARCOSSO, SELHARIZ, VILARINHO PARANHEIRAS",false
170401,17,04,01,MESÃO FRIO,BARQUEIROS,false
170402,17,04,02,MESÃO FRIO,CIDADELHE,false
170403,17,04,03,MESÃO FRIO,OLIVEIRA,false
170404,17,04,04,MESÃO FRIO,MESÃO FRIO (SANTA CRISTINA),true
170405,17,04,05,MESÃO FRIO,MESÃO FRIO (SÃO NICOLAU),true
170406,17,04,06,MESÃO FRIO,VILA JUSÃ,true
170407,17,04,07,MESÃO FRIO,VILA MARIM,false
170408,17,04,08,MESÃO FRIO,MESÃO FRIO (SANTO ANDRE),false
170501,17,05,01,MONDIM DE BASTO,ATEI,false
170502,17,05,02,MONDIM DE BASTO,BILHO,false
170503,17,05,03,MONDIM DE BASTO,CAMPANHO,true
170504,17,05,04,MONDIM DE BASTO,ERMELO,true
170505,17,05,05,MONDIM DE BASTO,SÃO CRISTOVÃO DE MONDIM DE BASTO,false
170506,17,05,06,MONDIM DE BASTO,PARADANÇA,true
170507,17,05,07,MONDIM DE BASTO,PARDELHAS,true
170508,17,05,08,MONDIM DE BASTO,VILAR DE FERREIROS,false
170509,17,05,09,MONDIM DE BASTO,CAMPANHO E PARADANÇA,false
170510,17,05,10,MONDIM DE BASTO,ERMELO E PARDELHAS,false
170601,17,06,01,MONTALEGRE,CABRIL,false
170602,17,06,02,MONTALEGRE,CAMBESES DO RIO,true
170603,17,06,03,MONTALEGRE,CERVOS,false
170604,17,06,04,MONTALEGRE,CHÃ,false
170605,17,06,05,MONTALEGRE,CONTIM,true
170606,17,06,06,MONTALEGRE,COVELÃES,true
170607,17,06,07,MONTALEGRE,COVELO DO GERES,false
170608,17,06,08,MONTALEGRE,DONÕES,true
170609,17,06,09,MONTALEGRE,FERRAL,false
170610,17,06,10,MONTALEGRE,FERVIDELAS,true
170611,17,06,11,MONTALEGRE,FIÃES DO RIO,true
170612,17,06,12,MONTALEGRE,GRALHAS,false
170613,17,06,13,MONTALEGRE,MEIXEDO,true
170614,17,06,14,MONTALEGRE,MEIXIDE,true
170615,17,06,15,MONTALEGRE,MONTALEGRE,true
170616,17,06,16,MONTALEGRE,MORGADE,false
170617,17,06,17,MONTALEGRE,MOURILHE,true
170618,17,06,18,MONTALEGRE,NEGRÕES,false
170619,17,06,19,MONTALEGRE,OUTEIRO,false
170620,17,06,20,MONTALEGRE,PADORNELOS,true
170621,17,06,21,MONTALEGRE,PADROSO,true
170622,17,06,22,MONTALEGRE,PARADELA,true
170623,17,06,23,MONTALEGRE,PITÕES DAS JUNIAS,false
170624,17,06,24,MONTALEGRE,PONDRAS,true
170625,17,06,25,MONTALEGRE,REIGOSO,false
170626,17,06,26,MONTALEGRE,SALTO,false
170627,17,06,27,MONTALEGRE,SANTO ANDRE,false
170628,17,06,28,MONTALEGRE,VILAR DE PERDIZES (SÃO MIGUEL),true
170629,17,06,29,MONTALEGRE,SARRAQUINHOS,false
170630,17,06,30,MONTALEGRE,SEZELHE,true
170631,17,06,31,MONTALEGRE,SOLVEIRA,false
170632,17,06,32,MONTALEGRE,TOUREM,false
170633,17,06,33,MONTALEGRE,VENDA NOVA,true
170634,17,06,34,MONTALEGRE,VIADE DE BAIXO,true
170635,17,06,35,MONTALEGRE,VILA DA PONTE,false
170636,17,06,36,MONTALEGRE,"CAMBESES DO RIO, DONÕES E MOURILHE",false
170637,17,06,37,MONTALEGRE,MEIXEDO E PADORNELOS,false
170638,17,06,38,MONTALEGRE,MONTALEGRE E PADROSO,false
170639,17,06,39,MONTALEGRE,"PARADELA, CONTIM E FIÃES",false
170640,17,06,40,MONTALEGRE,SEZELHE E COVELÃES,false
170641,17,06,41,MONTALEGRE,VENDA NOVA E PONDRAS,false
170642,17,06,42,MONTALEGRE,VIADE DE BAIXO E FERVIDELAS,false
170643,17,06,43,MONTALEGRE,VILAR DE PERDIZES E MEIXIDE,false
170701,17,07,01,MURÇA,CANDEDO,false
170702,17,07,02,MURÇA,CARVA,true
170703,17,07,03,MURÇA,FIOLHOSO,false
170704,17,07,04,MURÇA,JOU,false
170705,17,07,05,MURÇA,MURÇA,false
170706,17,07,06,MURÇA,NOURA,true
170707,17,07,07,MURÇA,PALHEIROS,true
170708,17,07,08,MURÇA,VALONGO DE MILHAIS,false
170709,17,07,09,MURÇA,VILARES,true
170710,17,07,10,MURÇA,CARVA E VILARES,false
170711,17,07,11,MURÇA,NOURA E PALHEIROS,false
170801,17,08,01,PESO DA REGUA,COVELINHAS,true
170802,17,08,02,PESO DA REGUA,FONTELAS,false
170803,17,08,03,PESO DA REGUA,GALAFURA,true
170804,17,08,04,PESO DA REGUA,GODIM,true
170805,17,08,05,PESO DA REGUA,LOUREIRO,false
170806,17,08,06,PESO DA REGUA,MOURA MORTA,true
170807,17,08,07,PESO DA REGUA,PESO DA REGUA,true
170808,17,08,08,PESO DA REGUA,POIARES,true
170809,17,08,09,PESO DA REGUA,SEDIELOS,false
170810,17,08,10,PESO DA REGUA,VILARINHO DOS FREIRES,false
170811,17,08,11,PESO DA REGUA,VINHOS,true
170812,17,08,12,PESO DA REGUA,CANELAS,true
170813,17,08,13,PESO DA REGUA,GALAFURA E COVELINHAS,false
170814,17,08,14,PESO DA REGUA,MOURA MORTA E VINHOS,false
170815,17,08,15,PESO DA REGUA,PESO DA REGUA E GODIM,false
170816,17,08,16,PESO DA REGUA,POIARES E CANELAS,false
170901,17,09,01,RIBEIRA DE PENA,ALVADIA,false
170902,17,09,02,RIBEIRA DE PENA,CANEDO,false
170903,17,09,03,RIBEIRA DE PENA,CERVA,true
170904,17,09,04,RIBEIRA DE PENA,LIMÕES,true
170905,17,09,05,RIBEIRA DE PENA,RIBEIRA DE PENA (SALVADOR),true
170906,17,09,06,RIBEIRA DE PENA,SANTA MARINHA,false
170907,17,09,07,RIBEIRA DE PENA,SANTO ALEIXO DE ALEM-TAMEGA,true
170908,17,09,08,RIBEIRA DE PENA,CERVA E LIMÕES,false
170909,17,09,09,RIBEIRA DE PENA,SALVADOR E SANTO ALEIXO DE ALEM-TAMEGA,false
171001,17,10,01,SABROSA,CELEIROS,false
171002,17,10,02,SABROSA,COVAS DO DOURO,false
171003,17,10,03,SABROSA,GOUVÃES DO DOURO,true
171004,17,10,04,SABROSA,GOUVINHAS,false
171005,17,10,05,SABROSA,PARADA DE PINHÃO,false
171006,17,10,06,SABROSA,PARADELA DE GUIÃES,true
171007,17,10,07,SABROSA,PAÇOS,false
171008,17,10,08,SABROSA,PROVESENDE,true
171009,17,10,09,SABROSA,SABROSA,false
171010,17,10,10,SABROSA,SÃO CRISTOVÃO DO DOURO,true
171011,17,10,11,SABROSA,S. LOURENÇO DE RIBAPINHÃO,false
171012,17,10,12,SABROSA,SÃO MARTINHO DE ANTAS,true
171013,17,10,13,SABROSA,SOUTO MAIOR,false
171014,17,10,14,SABROSA,TORRE DO PINHÃO,false
171015,17,10,15,SABROSA,VILARINHO DE S. ROMÃO,false
171016,17,10,16,SABROSA,"PROVESENDE, GOUVÃES DOURO, S.CRISTOVÃO DOURO",false
171017,17,10,17,SABROSA,SÃO MARTINHO DE ANTAS E PARADELA DE GUIÃES,false
171101,17,11,01,SANTA MARTA DE PENAGUIÃO,ALVAÇÕES DO CORGO,false
171102,17,11,02,SANTA MARTA DE PENAGUIÃO,CUMIEIRA,false
171103,17,11,03,SANTA MARTA DE PENAGUIÃO,FONTES,false
171104,17,11,04,SANTA MARTA DE PENAGUIÃO,FORNELOS,true
171105,17,11,05,SANTA MARTA DE PENAGUIÃO,LOUREDO,true
171106,17,11,06,SANTA MARTA DE PENAGUIÃO,MEDRÕES,false
171107,17,11,07,SANTA MARTA DE PENAGUIÃO,SANHOANE,true
171108,17,11,08,SANTA MARTA DE PENAGUIÃO,LOBRIGOS (SÃO JOÃO BAPTISTA),true
171109,17,11,09,SANTA MARTA DE PENAGUIÃO,LOBRIGOS (SÃO MIGUEL),true
171110,17,11,10,SANTA MARTA DE PENAGUIÃO,SEVER,false
171111,17,11,11,SANTA MARTA DE PENAGUIÃO,LOBRIGOS (S.MIGUEL E S.JOÃO BAPTISTA) E SANHOANE,false
171112,17,11,12,SANTA MARTA DE PENAGUIÃO,LOUREDO E FORNELOS,false
171201,17,12,01,VALPAÇOS,AGUA REVES E CRASTO,false
171202,17,12,02,VALPAÇOS,ALVARELHOS,true
171203,17,12,03,VALPAÇOS,ARGERIZ,false
171204,17,12,04,VALPAÇOS,BARREIROS,true
171205,17,12,05,VALPAÇOS,BOUÇOÃES,false
171206,17,12,06,VALPAÇOS,CANAVESES,false
171207,17,12,07,VALPAÇOS,CARRAZEDO DE MONTENEGRO,true
171208,17,12,08,VALPAÇOS,CURROS,true
171209,17,12,09,VALPAÇOS,ERVÕES,false
171210,17,12,10,VALPAÇOS,FIÃES,true
171211,17,12,11,VALPAÇOS,FORNOS DO PINHAL,false
171212,17,12,12,VALPAÇOS,FRIÕES,false
171213,17,12,13,VALPAÇOS,LEBUÇÃO,true
171214,17,12,14,VALPAÇOS,NOZELOS,true
171215,17,12,15,VALPAÇOS,PADRELA E TAZEM,false
171216,17,12,16,VALPAÇOS,POSSACOS,false
171217,17,12,17,VALPAÇOS,RIO TORTO,false
171218,17,12,18,VALPAÇOS,SANFINS,true
171219,17,12,19,VALPAÇOS,SANTA MARIA DE EMERES,false
171220,17,12,20,VALPAÇOS,SANTA VALHA,false
171221,17,12,21,VALPAÇOS,SANTIAGO DE RIBEIRA DE ALHARIZ,false
171222,17,12,22,VALPAÇOS,S. JOÃO DA CORVEIRA,false
171223,17,12,23,VALPAÇOS,S. PEDRO DE VEIGA DE LILA,false
171224,17,12,24,VALPAÇOS,SERAPICOS,false
171225,17,12,25,VALPAÇOS,SONIM,true
171226,17,12,26,VALPAÇOS,TINHELA,true
171227,17,12,27,VALPAÇOS,VALES,false
171228,17,12,28,VALPAÇOS,VALPAÇOS,true
171229,17,12,29,VALPAÇOS,VASSAL,false
171230,17,12,30,VALPAÇOS,VEIGA DE LILA,false
171231,17,12,31,VALPAÇOS,VILARANDELO,false
171232,17,12,32,VALPAÇOS,CARRAZEDO DE MONTENEGRO E CURROS,false
171233,17,12,33,VALPAÇOS,"LEBUÇÃO, FIÃES E NOZELOS",false
171234,17,12,34,VALPAÇOS,SONIM E BARREIROS,false
171235,17,12,35,VALPAÇOS,TINHELA E ALVARELHOS,false
171236,17,12,36,VALPAÇOS,VALPAÇOS E SANFINS,false
171301,17,13,01,VILA POUCA DE AGUIAR,AFONSIM,true
171302,17,13,02,VILA POUCA DE AGUIAR,ALFARELA DE JALES,false
171303,17,13,03,VILA POUCA DE AGUIAR,BORNES DE AGUIAR,false
171304,17,13,04,VILA POUCA DE AGUIAR,BRAGADO,false
171305,17,13,05,VILA POUCA DE AGUIAR,CAPELUDOS,false
171306,17,13,06,VILA POUCA DE AGUIAR,GOUVÃES DA SERRA,true
171307,17,13,07,VILA POUCA DE AGUIAR,PARADA DE MONTEIROS,true
171308,17,13,08,VILA POUCA DE AGUIAR,PENSALVOS,true
171309,17,13,09,VILA POUCA DE AGUIAR,SANTA MARTA DA MONTANHA,true
171310,17,13,10,VILA POUCA DE AGUIAR,SOUTELO DE AGUIAR,false
171311,17,13,11,VILA POUCA DE AGUIAR,TELÕES,false
171312,17,13,12,VILA POUCA DE AGUIAR,TRESMINAS,false
171313,17,13,13,VILA POUCA DE AGUIAR,VALOURA,false
171314,17,13,14,VILA POUCA DE AGUIAR,VILA POUCA DE AGUIAR,false
171315,17,13,15,VILA POUCA DE AGUIAR,VREIA DE BORNES,false
171316,17,13,16,VILA POUCA DE AGUIAR,VREIA DE JALES,false
171317,17,13,17,VILA POUCA DE AGUIAR,SABROSO DE AGUIAR,false
171318,17,13,18,VILA POUCA DE AGUIAR,LIXA DO ALVÃO,true
171319,17,13,19,VILA POUCA DE AGUIAR,ALVÃO,false
171320,17,13,20,VILA POUCA DE AGUIAR,PENSALVOS E PARADA DE MONTEIROS,false
171401,17,14,01,VILA REAL,ABAÇAS,false
171402,17,14,02,VILA REAL,ADOUFE,true
171403,17,14,03,VILA REAL,ANDRÃES,false
171404,17,14,04,VILA REAL,ARROIOS,false
171405,17,14,05,VILA REAL,BORBELA,true
171406,17,14,06,VILA REAL,CAMPEÃ,false
171407,17,14,07,VILA REAL,CONSTANTIM,true
171408,17,14,08,VILA REAL,ERMIDA,true
171409,17,14,09,VILA REAL,FOLHADELA,false
171410,17,14,10,VILA REAL,GUIÃES,false
171411,17,14,11,VILA REAL,JUSTES,true
171412,17,14,12,VILA REAL,LAMARES,true
171413,17,14,13,VILA REAL,LAMAS DE OLO,true
171414,17,14,14,VILA REAL,LORDELO,false
171415,17,14,15,VILA REAL,MATEUS,false
171416,17,14,16,VILA REAL,MONDRÕES,false
171417,17,14,17,VILA REAL,MOUÇOS,true
171418,17,14,18,VILA REAL,NOGUEIRA,true
171419,17,14,19,VILA REAL,VILA REAL (NOSSA SENHORA DA CONCEIÇÃO),true
171420,17,14,20,VILA REAL,PARADA DE CUNHOS,false
171421,17,14,21,VILA REAL,PENA,true
171422,17,14,22,VILA REAL,QUINTA,true
171423,17,14,23,VILA REAL,VILA REAL (SÃO DINIS),true
171424,17,14,24,VILA REAL,VILA REAL (SÃO PEDRO),true
171425,17,14,25,VILA REAL,SÃO TOME DO CASTELO,true
171426,17,14,26,VILA REAL,TORGUEDA,false
171427,17,14,27,VILA REAL,VALE DE NOGUEIRAS,true
171428,17,14,28,VILA REAL,VILA COVA,true
171429,17,14,29,VILA REAL,VILA MARIM,false
171430,17,14,30,VILA REAL,VILARINHO DE SAMARDÃ,true
171431,17,14,31,VILA REAL,ADOUFE E VILARINHO DE SAMARDÃ,false
171432,17,14,32,VILA REAL,BORBELA E LAMAS DE OLO,false
171433,17,14,33,VILA REAL,CONSTANTIM E VALE DE NOGUEIRAS,false
171434,17,14,34,VILA REAL,MOUÇOS E LAMARES,false
171435,17,14,35,VILA REAL,NOGUEIRA E ERMIDA,false
171436,17,14,36,VILA REAL,"PENA, QUINTÃ E VILA COVA",false
171437,17,14,37,VILA REAL,SÃO TOME DO CASTELO E JUSTES,false
171438,17,14,38,VILA REAL,FREGUESIA DE VILA REAL,false
180101,18,01,01,ARMAMAR,ALDEIAS,false
180102,18,01,02,ARMAMAR,ARICERA,true
180103,18,01,03,ARMAMAR,ARMAMAR,true
180104,18,01,04,ARMAMAR,CIMBRES,false
180105,18,01,05,ARMAMAR,COURA,true
180106,18,01,06,ARMAMAR,FOLGOSA,false
180107,18,01,07,ARMAMAR,FONTELO,false
180108,18,01,08,ARMAMAR,GOUJOIM,true
180109,18,01,09,ARMAMAR,QUEIMADA,false
180110,18,01,10,ARMAMAR,QUEIMADELA,false
180111,18,01,11,ARMAMAR,SANTA CRUZ,false
180112,18,01,12,ARMAMAR,SANTIAGO,true
180113,18,01,13,ARMAMAR,SANTO ADRIÃO,true
180114,18,01,14,ARMAMAR,S. COSMADO,false
180115,18,01,15,ARMAMAR,S. MARTINHO DAS CHÃS,false
180116,18,01,16,ARMAMAR,SÃO ROMÃO,true
180117,18,01,17,ARMAMAR,TÕES,true
180118,18,01,18,ARMAMAR,VACALAR,false
180119,18,01,19,ARMAMAR,VILA SECA,true
180120,18,01,20,ARMAMAR,ARMAMAR,false
180121,18,01,21,ARMAMAR,ARICERA E GOUJOIM,false
180122,18,01,22,ARMAMAR,SÃO ROMÃO E SANTIAGO,false
180123,18,01,23,ARMAMAR,VILA SECA E SANTO ADRIÃO,false
180201,18,02,01,CARREGAL DO SAL,BEIJOS,false
180202,18,02,02,CARREGAL DO SAL,CABANAS DE VIRIATO,false
180203,18,02,03,CARREGAL DO SAL,CURRELOS,true
180204,18,02,04,CARREGAL DO SAL,OLIVEIRA DO CONDE,false
180205,18,02,05,CARREGAL DO SAL,PAPIZIOS,true
180206,18,02,06,CARREGAL DO SAL,PARADA,false
180207,18,02,07,CARREGAL DO SAL,SOBRAL,true
180208,18,02,08,CARREGAL DO SAL,"CURRELOS, PAPIZIOS E SOBRAL",false
180301,18,03,01,CASTRO DAIRE,ALMOFALA,false
180302,18,03,02,CASTRO DAIRE,ALVA,true
180303,18,03,03,CASTRO DAIRE,CABRIL,false
180304,18,03,04,CASTRO DAIRE,CASTRO DAIRE,false
180305,18,03,05,CASTRO DAIRE,CUJO,false
180306,18,03,06,CASTRO DAIRE,ERMIDA,true
180307,18,03,07,CASTRO DAIRE,ESTER,true
180308,18,03,08,CASTRO DAIRE,GAFANHÃO,true
180309,18,03,09,CASTRO DAIRE,GOSENDE,false
180310,18,03,10,CASTRO DAIRE,MAMOUROS,true
180311,18,03,11,CASTRO DAIRE,MEZIO,true
180312,18,03,12,CASTRO DAIRE,MÕES,false
180313,18,03,13,CASTRO DAIRE,MOLEDO,false
180314,18,03,14,CASTRO DAIRE,MONTEIRAS,false
180315,18,03,15,CASTRO DAIRE,MOURA MORTA,true
180316,18,03,16,CASTRO DAIRE,PARADA DE ESTER,true
180317,18,03,17,CASTRO DAIRE,PEPIM,false
180318,18,03,18,CASTRO DAIRE,PICÃO,true
180319,18,03,19,CASTRO DAIRE,PINHEIRO,false
180320,18,03,20,CASTRO DAIRE,RERIZ,true
180321,18,03,21,CASTRO DAIRE,RIBOLHOS,true
180322,18,03,22,CASTRO DAIRE,S. JOANINHO,false
180323,18,03,23,CASTRO DAIRE,"MAMOUROS, ALVA E RIBOLHOS",false
180324,18,03,24,CASTRO DAIRE,MEZIO E MOURA MORTA,false
180325,18,03,25,CASTRO DAIRE,PARADA DE ESTER E ESTER,false
180326,18,03,26,CASTRO DAIRE,PICÃO E ERMIDA,false
180327,18,03,27,CASTRO DAIRE,RERIZ E GAFANHÃO,false
180401,18,04,01,CINFÃES,ALHÕES,true
180402,18,04,02,CINFÃES,BUSTELO,true
180403,18,04,03,CINFÃES,CINFÃES,false
180404,18,04,04,CINFÃES,ESPADANEDO,false
180405,18,04,05,CINFÃES,FERREIROS DE TENDAIS,false
180406,18,04,06,CINFÃES,FORNELOS,false
180407,18,04,07,CINFÃES,GRALHEIRA,true
180408,18,04,08,CINFÃES,MOIMENTA,false
180409,18,04,09,CINFÃES,NESPEREIRA,false
180410,18,04,10,CINFÃES,OLIVEIRA DO DOURO,false
180411,18,04,11,CINFÃES,RAMIRES,true
180412,18,04,12,CINFÃES,SANTIAGO DE PIÃES,false
180413,18,04,13,CINFÃES,S. CRISTOVÃO DE NOGUEIRA,false
180414,18,04,14,CINFÃES,SOUSELO,false
180415,18,04,15,CINFÃES,TAROUQUELA,false
180416,18,04,16,CINFÃES,TENDAIS,false
180417,18,04,17,CINFÃES,TRAVANCA,false
180418,18,04,18,CINFÃES,"ALHÕES, BUSTELO, GRALHEIRA E RAMIRES",false
180501,18,05,01,LAMEGO,LAMEGO (ALMACAVE),true
180502,18,05,02,LAMEGO,AVÕES,false
180503,18,05,03,LAMEGO,BIGORNE,true
180504,18,05,04,LAMEGO,BRITIANDE,false
180505,18,05,05,LAMEGO,CAMBRES,false
180506,18,05,06,LAMEGO,CEPÕES,true
180507,18,05,07,LAMEGO,FERREIRIM,false
180508,18,05,08,LAMEGO,FERREIROS DE AVÕES,false
180509,18,05,09,LAMEGO,FIGUEIRA,false
180510,18,05,10,LAMEGO,LALIM,false
180511,18,05,11,LAMEGO,LAZARIM,false
180512,18,05,12,LAMEGO,MAGUEIJA,true
180513,18,05,13,LAMEGO,MEIJINHOS,true
180514,18,05,14,LAMEGO,MELCÕES,true
180515,18,05,15,LAMEGO,PARADA DO BISPO,true
180516,18,05,16,LAMEGO,PENAJOIA,false
180517,18,05,17,LAMEGO,PENUDE,false
180518,18,05,18,LAMEGO,PRETAROUCA,true
180519,18,05,19,LAMEGO,SAMODÃES,false
180520,18,05,20,LAMEGO,SANDE,false
180521,18,05,21,LAMEGO,LAMEGO (SE),true
180522,18,05,22,LAMEGO,VALDIGEM,true
180523,18,05,23,LAMEGO,VARZEA DE ABRUNHAIS,false
180524,18,05,24,LAMEGO,VILA NOVA DE SOUTO D EL-REI,false
180525,18,05,25,LAMEGO,LAMEGO (ALMACAVE E SE),false
180526,18,05,26,LAMEGO,"BIGORNE, MAGUEIJA E PRETAROUCA",false
180527,18,05,27,LAMEGO,"CEPÕES, MEIJINHOS E MELCÕES",false
180528,18,05,28,LAMEGO,PARADA DO BISPO E VALDIGEM,false
180601,18,06,01,MANGUALDE,ABRUNHOSA-A-VELHA,false
180602,18,06,02,MANGUALDE,ALCAFACHE,false
180603,18,06,03,MANGUALDE,CHÃS DE TAVARES,true
180604,18,06,04,MANGUALDE,CUNHA ALTA,true
180605,18,06,05,MANGUALDE,CUNHA BAIXA,false
180606,18,06,06,MANGUALDE,ESPINHO,false
180607,18,06,07,MANGUALDE,FORNOS DE MACEIRA DÃO,false
180608,18,06,08,MANGUALDE,FREIXIOSA,false
180609,18,06,09,MANGUALDE,LOBELHE DO MATO,true
180610,18,06,10,MANGUALDE,MANGUALDE,true
180611,18,06,11,MANGUALDE,MESQUITELA,true
180612,18,06,12,MANGUALDE,MOIMENTA DE MACEIRA DÃO,true
180613,18,06,13,MANGUALDE,POVOA DE CERVÃES,true
180614,18,06,14,MANGUALDE,QUINTELA DE AZURARA,false
180615,18,06,15,MANGUALDE,SANTIAGO DE CASSURRÃES,true
180616,18,06,16,MANGUALDE,S. JOÃO DA FRESTA,false
180617,18,06,17,MANGUALDE,TRAVANCA DE TAVARES,true
180618,18,06,18,MANGUALDE,VARZEA DE TAVARES,true
180619,18,06,19,MANGUALDE,"MANGUALDE, MESQUITELA E CUNHA ALTA",false
180620,18,06,20,MANGUALDE,MOIMENTA DE MACEIRA DÃO E LOBELHE DO MATO,false
180621,18,06,21,MANGUALDE,SANTIAGO DE CASSURRÃES E POVOA DE CERVÃES,false
180622,18,06,22,MANGUALDE,"TAVARES (CHÃS, VARZEA E TRAVANCA)",false
180701,18,07,01,MOIMENTA DA BEIRA,ALDEIA DE NACOMBA,true
180702,18,07,02,MOIMENTA DA BEIRA,ALVITE,false
180703,18,07,03,MOIMENTA DA BEIRA,ARCOZELOS,false
180704,18,07,04,MOIMENTA DA BEIRA,ARIZ,true
180705,18,07,05,MOIMENTA DA BEIRA,BALDOS,false
180706,18,07,06,MOIMENTA DA BEIRA,CABAÇOS,false
180707,18,07,07,MOIMENTA DA BEIRA,CARIA,false
180708,18,07,08,MOIMENTA DA BEIRA,CASTELO,false
180709,18,07,09,MOIMENTA DA BEIRA,LEOMIL,false
180710,18,07,10,MOIMENTA DA BEIRA,MOIMENTA DA BEIRA,false
180711,18,07,11,MOIMENTA DA BEIRA,NAGOSA,true
180712,18,07,12,MOIMENTA DA BEIRA,PARADINHA,true
180713,18,07,13,MOIMENTA DA BEIRA,PASSO,false
180714,18,07,14,MOIMENTA DA BEIRA,PERA VELHA,true
180715,18,07,15,MOIMENTA DA BEIRA,PEVA,true
180716,18,07,16,MOIMENTA DA BEIRA,RUA,false
180717,18,07,17,MOIMENTA DA BEIRA,SARZEDO,false
180718,18,07,18,MOIMENTA DA BEIRA,SEGÕES,true
180719,18,07,19,MOIMENTA DA BEIRA,SEVER,false
180720,18,07,20,MOIMENTA DA BEIRA,VILAR,false
180721,18,07,21,MOIMENTA DA BEIRA,PARADINHA E NAGOSA,false
180722,18,07,22,MOIMENTA DA BEIRA,"PERA VELHA, ALDEIA DE NACOMBA E ARIZ",false
180723,18,07,23,MOIMENTA DA BEIRA,PEVA E SEGÕES,false
180801,18,08,01,MORTAGUA,ALMAÇA,true
180802,18,08,02,MORTAGUA,CERCOSA,false
180803,18,08,03,MORTAGUA,CORTEGAÇA,true
180804,18,08,04,MORTAGUA,ESPINHO,false
180805,18,08,05,MORTAGUA,MARMELEIRA,false
180806,18,08,06,MORTAGUA,MORTAGUA,true
180807,18,08,07,MORTAGUA,PALA,false
180808,18,08,08,MORTAGUA,SOBRAL,false
180809,18,08,09,MORTAGUA,TREZOI,false
180810,18,08,10,MORTAGUA,VALE DE REMIGIO,true
180811,18,08,11,MORTAGUA,"MORTAGUA, VALE DE REMIGIO, CORTEGAÇA E ALMAÇA",false
180901,18,09,01,NELAS,CANAS DE SENHORIM,false
180902,18,09,02,NELAS,CARVALHAL REDONDO,true
180903,18,09,03,NELAS,NELAS,false
180904,18,09,04,NELAS,SANTAR,true
180905,18,09,05,NELAS,SENHORIM,false
180906,18,09,06,NELAS,VILAR SECO,false
180907,18,09,07,NELAS,AGUIEIRA,true
180908,18,09,08,NELAS,LAPA DO LOBO,false
180909,18,09,09,NELAS,MOREIRA,true
180910,18,09,10,NELAS,CARVALHAL REDONDO E AGUIEIRA,false
180911,18,09,11,NELAS,SANTAR E MOREIRA,false
181001,18,10,01,OLIVEIRA DE FRADES,ARCA,true
181002,18,10,02,OLIVEIRA DE FRADES,ARCOZELO DAS MAIAS,false
181003,18,10,03,OLIVEIRA DE FRADES,DESTRIZ,true
181004,18,10,04,OLIVEIRA DE FRADES,OLIVEIRA DE FRADES,true
181005,18,10,05,OLIVEIRA DE FRADES,PINHEIRO,false
181006,18,10,06,OLIVEIRA DE FRADES,REIGOSO,true
181007,18,10,07,OLIVEIRA DE FRADES,RIBEIRADIO,false
181008,18,10,08,OLIVEIRA DE FRADES,S. JOÃO DA SERRA,false
181009,18,10,09,OLIVEIRA DE FRADES,S. VICENTE DE LAFÕES,false
181010,18,10,10,OLIVEIRA DE FRADES,SEJÃES,true
181011,18,10,11,OLIVEIRA DE FRADES,SOUTO DE LAFÕES,true
181012,18,10,12,OLIVEIRA DE FRADES,VARZIELAS,true
181013,18,10,13,OLIVEIRA DE FRADES,ARCA E VARZIELAS,false
181014,18,10,14,OLIVEIRA DE FRADES,DESTRIZ E REIGOSO,false
181015,18,10,15,OLIVEIRA DE FRADES,"OLIVEIRA DE FRADES, SOUTO DE LAFÕES E SEJÃES",false
181101,18,11,01,PENALVA DO CASTELO,ANTAS,true
181102,18,11,02,PENALVA DO CASTELO,CASTELO DE PENALVA,false
181103,18,11,03,PENALVA DO CASTELO,ESMOLFE,false
181104,18,11,04,PENALVA DO CASTELO,GERMIL,false
181105,18,11,05,PENALVA DO CASTELO,INSUA,false
181106,18,11,06,PENALVA DO CASTELO,LUSINDE,false
181107,18,11,07,PENALVA DO CASTELO,MARECO,true
181108,18,11,08,PENALVA DO CASTELO,MATELA,true
181109,18,11,09,PENALVA DO CASTELO,PINDO,false
181110,18,11,10,PENALVA DO CASTELO,REAL,false
181111,18,11,11,PENALVA DO CASTELO,SEZURES,false
181112,18,11,12,PENALVA DO CASTELO,TRANCOZELOS,false
181113,18,11,13,PENALVA DO CASTELO,VILA COVA DO COVELO,true
181114,18,11,14,PENALVA DO CASTELO,ANTAS E MATELA,false
181115,18,11,15,PENALVA DO CASTELO,VILA COVA DO COVELO/MARECO,false
181201,18,12,01,PENEDONO,ANTAS,true
181202,18,12,02,PENEDONO,BESELGA,false
181203,18,12,03,PENEDONO,CASTAINÇO,false
181204,18,12,04,PENEDONO,GRANJA,true
181205,18,12,05,PENEDONO,OUROZINHO,true
181206,18,12,06,PENEDONO,PENEDONO,true
181207,18,12,07,PENEDONO,PENELA DA BEIRA,false
181208,18,12,08,PENEDONO,POVOA DE PENELA,false
181209,18,12,09,PENEDONO,SOUTO,false
181210,18,12,10,PENEDONO,ANTAS E OUROZINHO,false
181211,18,12,11,PENEDONO,PENEDONO E GRANJA,false
181301,18,13,01,RESENDE,ANREADE,true
181302,18,13,02,RESENDE,BARRO,false
181303,18,13,03,RESENDE,CARQUERE,false
181304,18,13,04,RESENDE,FEIRÃO,true
181305,18,13,05,RESENDE,FELGUEIRAS,true
181306,18,13,06,RESENDE,FREIGIL,true
181307,18,13,07,RESENDE,MIOMÃES,true
181308,18,13,08,RESENDE,OVADAS,true
181309,18,13,09,RESENDE,PANCHORRA,true
181310,18,13,10,RESENDE,PAUS,false
181311,18,13,11,RESENDE,RESENDE,false
181312,18,13,12,RESENDE,S. CIPRIANO,false
181313,18,13,13,RESENDE,S. JOÃO DE FONTOURA,false
181314,18,13,14,RESENDE,S. MARTINHO DE MOUROS,false
181315,18,13,15,RESENDE,SÃO ROMÃO DE AREGOS,true
181316,18,13,16,RESENDE,ANREADE E SÃO ROMÃO DE AREGOS,false
181317,18,13,17,RESENDE,FELGUEIRAS E FEIRÃO,false
181318,18,13,18,RESENDE,FREIGIL E MIOMÃES,false
181319,18,13,19,RESENDE,OVADAS E PANCHORRA,false
181401,18,14,01,SANTA COMBA DÃO,COUTO DO MOSTEIRO,true
181402,18,14,02,SANTA COMBA DÃO,OVOA,true
181403,18,14,03,SANTA COMBA DÃO,PINHEIRO DE AZERE,false
181404,18,14,04,SANTA COMBA DÃO,SANTA COMBA DÃO,true
181405,18,14,05,SANTA COMBA DÃO,S. JOANINHO,false
181406,18,14,06,SANTA COMBA DÃO,S. JOÃO DE AREIAS,false
181407,18,14,07,SANTA COMBA DÃO,TREIXEDO,true
181408,18,14,08,SANTA COMBA DÃO,VIMIEIRO,true
181409,18,14,09,SANTA COMBA DÃO,NAGOZELA,true
181410,18,14,10,SANTA COMBA DÃO,OVOA E VIMIEIRO,false
181411,18,14,11,SANTA COMBA DÃO,SANTA COMBA DÃO E COUTO DO MOSTEIRO,false
181412,18,14,12,SANTA COMBA DÃO,TREIXEDO E NAGOZELA,false
181501,18,15,01,S. JOÃO DA PESQUEIRA,CASTANHEIRO DO SUL,false
181502,18,15,02,S. JOÃO DA PESQUEIRA,ERVEDOSA DO DOURO,false
181503,18,15,03,S. JOÃO DA PESQUEIRA,ESPINHOSA,true
181504,18,15,04,S. JOÃO DA PESQUEIRA,NAGOZELO DO DOURO,false
181505,18,15,05,S. JOÃO DA PESQUEIRA,PAREDES DA BEIRA,false
181506,18,15,06,S. JOÃO DA PESQUEIRA,PEREIROS,true
181507,18,15,07,S. JOÃO DA PESQUEIRA,RIODADES,false
181508,18,15,08,S. JOÃO DA PESQUEIRA,SÃO JOÃO DA PESQUEIRA,true
181509,18,15,09,S. JOÃO DA PESQUEIRA,SOUTELO DO DOURO,false
181510,18,15,10,S. JOÃO DA PESQUEIRA,TREVÕES,true
181511,18,15,11,S. JOÃO DA PESQUEIRA,VALE DE FIGUEIRA,false
181512,18,15,12,S. JOÃO DA PESQUEIRA,VALONGO DOS AZEITES,false
181513,18,15,13,S. JOÃO DA PESQUEIRA,VARZEA DE TREVÕES,true
181514,18,15,14,S. JOÃO DA PESQUEIRA,VILAROUCO,true
181515,18,15,15,S. JOÃO DA PESQUEIRA,SÃO JOÃO DA PESQUEIRA E VARZEA DE TREVÕES,false
181516,18,15,16,S. JOÃO DA PESQUEIRA,TREVÕES E ESPINHOSA,false
181517,18,15,17,S. JOÃO DA PESQUEIRA,VILAROUCO E PEREIROS,false
181601,18,16,01,S. PEDRO DO SUL,BAIÕES,true
181602,18,16,02,S. PEDRO DO SUL,BORDONHOS,false
181603,18,16,03,S. PEDRO DO SUL,CANDAL,true
181604,18,16,04,S. PEDRO DO SUL,CARVALHAIS,true
181605,18,16,05,S. PEDRO DO SUL,COVAS DO RIO,true
181606,18,16,06,S. PEDRO DO SUL,FIGUEIREDO DE ALVA,false
181607,18,16,07,S. PEDRO DO SUL,MANHOUCE,false
181608,18,16,08,S. PEDRO DO SUL,PINDELO DOS MILAGRES,false
181609,18,16,09,S. PEDRO DO SUL,PINHO,false
181610,18,16,10,S. PEDRO DO SUL,SANTA CRUZ DA TRAPA,true
181611,18,16,11,S. PEDRO DO SUL,SÃO CRISTOVÃO DE LAFÕES,true
181612,18,16,12,S. PEDRO DO SUL,S. FELIX,false
181613,18,16,13,S. PEDRO DO SUL,SÃO MARTINHO DAS MOITAS,true
181614,18,16,14,S. PEDRO DO SUL,SÃO PEDRO DO SUL,true
181615,18,16,15,S. PEDRO DO SUL,SERRAZES,false
181616,18,16,16,S. PEDRO DO SUL,SUL,false
181617,18,16,17,S. PEDRO DO SUL,VALADARES,false
181618,18,16,18,S. PEDRO DO SUL,VARZEA,true
181619,18,16,19,S. PEDRO DO SUL,VILA MAIOR,false
181620,18,16,20,S. PEDRO DO SUL,CARVALHAIS E CANDAL,false
181621,18,16,21,S. PEDRO DO SUL,SANTA CRUZ DA TRAPA E SÃO CRISTOVÃO DE LAFÕES,false
181622,18,16,22,S. PEDRO DO SUL,SÃO MARTINHO DAS MOITAS E COVAS DO RIO,false
181623,18,16,23,S. PEDRO DO SUL,"SÃO PEDRO DO SUL, VARZEA E BAIÕES",false
181701,18,17,01,SATAO,AGUAS BOAS,true
181702,18,17,02,SATAO,AVELAL,false
181703,18,17,03,SATAO,DECERMILO,true
181704,18,17,04,SATAO,FERREIRA DE AVES,false
181705,18,17,05,SATAO,FORLES,true
181706,18,17,06,SATAO,MIOMA,false
181707,18,17,07,SATAO,RIO DE MOINHOS,false
181708,18,17,08,SATAO,ROMÃS,true
181709,18,17,09,SATAO,S. MIGUEL DE VILA BOA,false
181710,18,17,10,SATAO,SATAO,false
181711,18,17,11,SATAO,SILVÃ DE CIMA,false
181712,18,17,12,SATAO,VILA LONGA,true
181713,18,17,13,SATAO,AGUAS BOAS E FORLES,false
181714,18,17,14,SATAO,"ROMÃS, DECERMILO E VILA LONGA",false
181801,18,18,01,SERNANCELHE,ARNAS,false
181802,18,18,02,SERNANCELHE,CARREGAL,false
181803,18,18,03,SERNANCELHE,CHOSENDO,false
181804,18,18,04,SERNANCELHE,CUNHA,false
181805,18,18,05,SERNANCELHE,ESCURQUELA,true
181806,18,18,06,SERNANCELHE,FAIA,false
181807,18,18,07,SERNANCELHE,FERREIRIM,true
181808,18,18,08,SERNANCELHE,FONTE ARCADA,true
181809,18,18,09,SERNANCELHE,FREIXINHO,true
181810,18,18,10,SERNANCELHE,GRANJAL,false
181811,18,18,11,SERNANCELHE,LAMOSA,false
181812,18,18,12,SERNANCELHE,MACIEIRA,true
181813,18,18,13,SERNANCELHE,PENSO,true
181814,18,18,14,SERNANCELHE,QUINTELA,false
181815,18,18,15,SERNANCELHE,SARZEDA,true
181816,18,18,16,SERNANCELHE,SERNANCELHE,true
181817,18,18,17,SERNANCELHE,VILA DA PONTE,false
181818,18,18,18,SERNANCELHE,FERREIRIM E MACIEIRA,false
181819,18,18,19,SERNANCELHE,FONTE ARCADA E ESCURQUELA,false
181820,18,18,20,SERNANCELHE,PENSO E FREIXINHO,false
181821,18,18,21,SERNANCELHE,SERNANCELHE E SARZEDA,false
181901,18,19,01,TABUAÇO,ADORIGO,false
181902,18,19,02,TABUAÇO,ARCOS,false
181903,18,19,03,TABUAÇO,BARCOS,true
181904,18,19,04,TABUAÇO,CHAVÃES,false
181905,18,19,05,TABUAÇO,DESEJOSA,false
181906,18,19,06,TABUAÇO,GRANJA DO TEDO,false
181907,18,19,07,TABUAÇO,GRANJINHA,true
181908,18,19,08,TABUAÇO,LONGA,false
181909,18,19,09,TABUAÇO,PARADELA,true
181910,18,19,10,TABUAÇO,PEREIRO,true
181911,18,19,11,TABUAÇO,PINHEIROS,true
181912,18,19,12,TABUAÇO,SANTA LEOCADIA,true
181913,18,19,13,TABUAÇO,SENDIM,false
181914,18,19,14,TABUAÇO,TABUAÇO,false
181915,18,19,15,TABUAÇO,TAVORA,true
181916,18,19,16,TABUAÇO,VALE DE FIGUEIRA,true
181917,18,19,17,TABUAÇO,VALENÇA DO DOURO,false
181918,18,19,18,TABUAÇO,BARCOS E SANTA LEOCADIA,false
181919,18,19,19,TABUAÇO,PARADELA E GRANJINHA,false
181920,18,19,20,TABUAÇO,PINHEIROS E VALE DE FIGUEIRA,false
181921,18,19,21,TABUAÇO,TAVORA E PEREIRO,false
182001,18,20,01,TAROUCA,DALVARES,true
182002,18,20,02,TAROUCA,GOUVIÃES,true
182003,18,20,03,TAROUCA,GRANJA NOVA,true
182004,18,20,04,TAROUCA,MONDIM DA BEIRA,false
182005,18,20,05,TAROUCA,SALZEDAS,false
182006,18,20,06,TAROUCA,S. JOÃO DE TAROUCA,false
182007,18,20,07,TAROUCA,TAROUCA,true
182008,18,20,08,TAROUCA,UCANHA,true
182009,18,20,09,TAROUCA,VARZEA DA SERRA,false
182010,18,20,10,TAROUCA,VILA CHÃ DA BEIRA,true
182011,18,20,11,TAROUCA,GOUVIÃES E UCANHA,false
182012,18,20,12,TAROUCA,GRANJA NOVA E VILA CHÃ DA BEIRA,false
182013,18,20,13,TAROUCA,TAROUCA E DALVARES,false
182101,18,21,01,TONDELA,BARREIRO DE BESTEIROS,true
182102,18,21,02,TONDELA,CAMPO DE BESTEIROS,false
182103,18,21,03,TONDELA,CANAS DE SANTA MARIA,false
182104,18,21,04,TONDELA,CAPARROSA,true
182105,18,21,05,TONDELA,CASTELÕES,false
182106,18,21,06,TONDELA,DARDAVAZ,false
182107,18,21,07,TONDELA,FERREIROS DO DÃO,false
182108,18,21,08,TONDELA,GUARDÃO,false
182109,18,21,09,TONDELA,LAJEOSA DO DÃO,false
182110,18,21,10,TONDELA,LOBÃO DA BEIRA,false
182111,18,21,11,TONDELA,MOLELOS,false
182112,18,21,12,TONDELA,MOSTEIRINHO,true
182113,18,21,13,TONDELA,MOSTEIRO DE FRAGUAS,true
182114,18,21,14,TONDELA,MOURAZ,true
182115,18,21,15,TONDELA,NANDUFE,true
182116,18,21,16,TONDELA,PARADA DE GONTA,false
182117,18,21,17,TONDELA,SABUGOSA,true
182118,18,21,18,TONDELA,SANTIAGO DE BESTEIROS,false
182119,18,21,19,TONDELA,SÃO JOÃO DO MONTE,true
182120,18,21,20,TONDELA,SÃO MIGUEL DO OUTEIRO,true
182121,18,21,21,TONDELA,SILVARES,true
182122,18,21,22,TONDELA,TONDA,false
182123,18,21,23,TONDELA,TONDELA,true
182124,18,21,24,TONDELA,VILA NOVA DA RAINHA,true
182125,18,21,25,TONDELA,VILAR DE BESTEIROS,true
182126,18,21,26,TONDELA,TOURIGO,true
182127,18,21,27,TONDELA,BARREIRO DE BESTEIROS E TOURIGO,false
182128,18,21,28,TONDELA,CAPARROSA E SILVARES,false
182129,18,21,29,TONDELA,MOURAZ E VILA NOVA DA RAINHA,false
182130,18,21,30,TONDELA,SÃO JOÃO DO MONTE E MOSTEIRINHO,false
182131,18,21,31,TONDELA,SÃO MIGUEL DO OUTEIRO E SABUGOSA,false
182132,18,21,32,TONDELA,TONDELA E NANDUFE,false
182133,18,21,33,TONDELA,VILAR DE BESTEIROS E MOSTEIRO DE FRAGUAS,false
182201,18,22,01,VILA NOVA DE PAIVA,ALHAIS,true
182202,18,22,02,VILA NOVA DE PAIVA,FRAGUAS,true
182203,18,22,03,VILA NOVA DE PAIVA,PENDILHE,false
182204,18,22,04,VILA NOVA DE PAIVA,QUEIRIGA,false
182205,18,22,05,VILA NOVA DE PAIVA,TOURO,false
182206,18,22,06,VILA NOVA DE PAIVA,VILA COVA A COELHEIRA,false
182207,18,22,07,VILA NOVA DE PAIVA,VILA NOVA DE PAIVA,true
182208,18,22,08,VILA NOVA DE PAIVA,"VILA NOVA DE PAIVA, ALHAIS E FRAGUAS",false
182301,18,23,01,VISEU,ABRAVESES,false
182302,18,23,02,VISEU,BARREIROS,true
182303,18,23,03,VISEU,BOA ALDEIA,true
182304,18,23,04,VISEU,BODIOSA,false
182305,18,23,05,VISEU,CALDE,false
182306,18,23,06,VISEU,CAMPO,false
182307,18,23,07,VISEU,CAVERNÃES,false
182308,18,23,08,VISEU,CEPÕES,true
182309,18,23,09,VISEU,VISEU (CORAÇÃO DE JESUS),true
182310,18,23,10,VISEU,COTA,false
182311,18,23,11,VISEU,COUTO DE BAIXO,true
182312,18,23,12,VISEU,COUTO DE CIMA,true
182313,18,23,13,VISEU,FAIL,true
182314,18,23,14,VISEU,FARMINHÃO,true
182315,18,23,15,VISEU,FRAGOSELA,false
182316,18,23,16,VISEU,LORDOSA,false
182317,18,23,17,VISEU,SILGUEIROS,false
182318,18,23,18,VISEU,MUNDÃO,false
182319,18,23,19,VISEU,ORGENS,false
182320,18,23,20,VISEU,POVOLIDE,false
182321,18,23,21,VISEU,RANHADOS,false
182322,18,23,22,VISEU,RIBAFEITA,false
182323,18,23,23,VISEU,RIO DE LOBA,false
182324,18,23,24,VISEU,VISEU (SANTA MARIA DE VISEU),true
182325,18,23,25,VISEU,SANTOS EVOS,false
182326,18,23,26,VISEU,SÃO CIPRIANO,true
182327,18,23,27,VISEU,S. JOÃO DE LOUROSA,false
182328,18,23,28,VISEU,VISEU (SÃO JOSE),true
182329,18,23,29,VISEU,S. PEDRO DE FRANCE,false
182330,18,23,30,VISEU,SÃO SALVADOR,true
182331,18,23,31,VISEU,TORREDEITA,true
182332,18,23,32,VISEU,VIL DE SOUTO,true
182333,18,23,33,VISEU,VILA CHÃ DE SA,true
182334,18,23,34,VISEU,REPESES,true
182335,18,23,35,VISEU,BARREIROS E CEPÕES,false
182336,18,23,36,VISEU,"BOA ALDEIA, FARMINHÃO E TORREDEITA",false
182337,18,23,37,VISEU,COUTOS DE VISEU,false
182338,18,23,38,VISEU,FAIL E VILA CHÃ DE SA,false
182339,18,23,39,VISEU,REPESES E SÃO SALVADOR,false
182340,18,23,40,VISEU,SÃO CIPRIANO E VIL DE SOUTO,false
182341,18,23,41,VISEU,VISEU,false
182401,18,24,01,VOUZELA,ALCOFRA,false
182402,18,24,02,VOUZELA,CAMBRA,true
182403,18,24,03,VOUZELA,CAMPIA,false
182404,18,24,04,VOUZELA,CARVALHAL DE VERMILHAS,true
182405,18,24,05,VOUZELA,FATAUNÇOS,true
182406,18,24,06,VOUZELA,FIGUEIREDO DAS DONAS,true
182407,18,24,07,VOUZELA,FORNELO DO MONTE,false
182408,18,24,08,VOUZELA,PAÇOS DE VILHARIGUES,true
182409,18,24,09,VOUZELA,QUEIRÃ,false
182410,18,24,10,VOUZELA,S. MIGUEL DO MATO,false
182411,18,24,11,VOUZELA,VENTOSA,false
182412,18,24,12,VOUZELA,VOUZELA,true
182413,18,24,13,VOUZELA,CAMBRA E CARVALHAL DE VERMILHAS,false
182414,18,24,14,VOUZELA,FATAUNÇOS E FIGUEIREDO DAS DONAS,false
182415,18,24,15,VOUZELA,VOUZELA E PAÇOS DE VILHARIGUES,false
190101,19,01,01,ANGRA DO HEROISMO,ALTARES,false
190102,19,01,02,ANGRA DO HEROISMO,DOZE RIBEIRAS,false
190103,19,01,03,ANGRA DO HEROISMO,FETEIRA,false
190104,19,01,04,ANGRA DO HEROISMO,ANGRA (NOSSA SENHORA DA CONCEIÇÃO),false
190105,19,01,05,ANGRA DO HEROISMO,CINCO RIBEIRAS,false
190106,19,01,06,ANGRA DO HEROISMO,PORTO JUDEU,false
190107,19,01,07,ANGRA DO HEROISMO,RAMINHO,false
190108,19,01,08,ANGRA DO HEROISMO,RIBEIRINHA,false
190109,19,01,09,ANGRA DO HEROISMO,SANTA BARBARA,false
190110,19,01,10,ANGRA DO HEROISMO,ANGRA (SANTA LUZIA),false
190111,19,01,11,ANGRA DO HEROISMO,S. BARTOLOMEU DE REGATOS,false
190112,19,01,12,ANGRA DO HEROISMO,S. BENTO,false
190113,19,01,13,ANGRA DO HEROISMO,S. MATEUS DA CALHETA,false
190114,19,01,14,ANGRA DO HEROISMO,ANGRA (S. PEDRO),false
190115,19,01,15,ANGRA DO HEROISMO,S. SEBASTIÃO,false
190116,19,01,16,ANGRA DO HEROISMO,ANGRA (SE),false
190117,19,01,17,ANGRA DO HEROISMO,SERRETA,false
190118,19,01,18,ANGRA DO HEROISMO,TERRA CHÃ,false
190119,19,01,19,ANGRA DO HEROISMO,POSTO SANTO,false
190201,19,02,01,CALHETA (AÇORES),CALHETA,false
190202,19,02,02,CALHETA (AÇORES),NORTE PEQUENO,false
190203,19,02,03,CALHETA (AÇORES),TOPO (NOSSA SENHORA DO ROSARIO),false
190204,19,02,04,CALHETA (AÇORES),RIBEIRA SECA,false
190205,19,02,05,CALHETA (AÇORES),SANTO ANTÃO,false
190301,19,03,01,SANTA CRUZ DA GRACIOSA,GUADALUPE,false
190302,19,03,02,SANTA CRUZ DA GRACIOSA,LUZ,false
190303,19,03,03,SANTA CRUZ DA GRACIOSA,SANTA CRUZ DA GRACIOSA,false
190304,19,03,04,SANTA CRUZ DA GRACIOSA,SÃO MATEUS,false
190401,19,04,01,VELAS,NORTE GRANDE (NEVES),false
190402,19,04,02,VELAS,ROSAIS,false
190403,19,04,03,VELAS,MANADAS (SANTA BARBARA),false
190404,19,04,04,VELAS,SANTO AMARO,false
190405,19,04,05,VELAS,VELAS (S. JORGE),false
190406,19,04,06,VELAS,URZELINA (S. MATEUS),false
190501,19,05,01,VILA PRAIA DA VITORIA,AGUALVA,false
190502,19,05,02,VILA PRAIA DA VITORIA,BISCOITOS,false
190503,19,05,03,VILA PRAIA DA VITORIA,CABO DA PRAIA,false
190504,19,05,04,VILA PRAIA DA VITORIA,FONTE DO BASTARDO,false
190505,19,05,05,VILA PRAIA DA VITORIA,FONTINHAS,false
190506,19,05,06,VILA PRAIA DA VITORIA,LAJES,false
190507,19,05,07,VILA PRAIA DA VITORIA,QUATRO RIBEIRAS,false
190508,19,05,08,VILA PRAIA DA VITORIA,PRAIA DA VITORIA (SANTA CRUZ),false
190509,19,05,09,VILA PRAIA DA VITORIA,S. BRAS,false
190510,19,05,10,VILA PRAIA DA VITORIA,VILA NOVA,false
190511,19,05,11,VILA PRAIA DA VITORIA,PORTO MARTINS,false
200101,20,01,01,CORVO,CORVO,false
200201,20,02,01,HORTA,HORTA (ANGUSTIAS),false
200202,20,02,02,HORTA,CAPELO,false
200203,20,02,03,HORTA,CASTELO BRANCO,false
200204,20,02,04,HORTA,CEDROS,false
200205,20,02,05,HORTA,HORTA (CONCEIÇÃO),false
200206,20,02,06,HORTA,FETEIRA,false
200207,20,02,07,HORTA,FLAMENGOS,false
200208,20,02,08,HORTA,HORTA (MATRIZ),false
200209,20,02,09,HORTA,PEDRO MIGUEL,false
200210,20,02,10,HORTA,PRAIA DO ALMOXARIFE,false
200211,20,02,11,HORTA,PRAIA DO NORTE,false
200212,20,02,12,HORTA,RIBEIRINHA,false
200213,20,02,13,HORTA,SALÃO,false
200301,20,03,01,LAJES DAS FLORES,FAJÃ GRANDE,false
200302,20,03,02,LAJES DAS FLORES,FAJÃZINHA,false
200303,20,03,03,LAJES DAS FLORES,FAZENDA,false
200304,20,03,04,LAJES DAS FLORES,LAJEDO,false
200305,20,03,05,LAJES DAS FLORES,LAJES DAS FLORES,false
200306,20,03,06,LAJES DAS FLORES,LOMBA,false
200307,20,03,07,LAJES DAS FLORES,MOSTEIRO,false
200401,20,04,01,LAJES DO PICO,CALHETA DE NESQUIM,false
200402,20,04,02,LAJES DO PICO,LAJES DO PICO,false
200403,20,04,03,LAJES DO PICO,PIEDADE,false
200404,20,04,04,LAJES DO PICO,RIBEIRAS,false
200405,20,04,05,LAJES DO PICO,S. JOÃO,false
200406,20,04,06,LAJES DO PICO,RIBEIRINHA,false
200501,20,05,01,MADALENA,BANDEIRAS,false
200502,20,05,02,MADALENA,CANDELARIA,false
200503,20,05,03,MADALENA,CRIAÇÃO VELHA,false
200504,20,05,04,MADALENA,MADALENA,false
200505,20,05,05,MADALENA,S. CAETANO,false
200506,20,05,06,MADALENA,S. MATEUS,false
200601,20,06,01,SANTA CRUZ DAS FLORES,CAVEIRA,false
200602,20,06,02,SANTA CRUZ DAS FLORES,CEDROS,false
200603,20,06,03,SANTA CRUZ DAS FLORES,PONTA DELGADA,false
200604,20,06,04,SANTA CRUZ DAS FLORES,SANTA CRUZ DAS FLORES,false
200701,20,07,01,S. ROQUE DO PICO,PRAINHA,false
200702,20,07,02,S. ROQUE DO PICO,SANTA LUZIA,false
200703,20,07,03,S. ROQUE DO PICO,SANTO AMARO,false
200704,20,07,04,S. ROQUE DO PICO,SANTO ANTONIO,false
200705,20,07,05,S. ROQUE DO PICO,S. ROQUE DO PICO,false
210101,21,01,01,LAGOA (AÇORES),AGUA DE PAU,false
210102,21,01,02,LAGOA (AÇORES),LAGOA (NOSSA SENHORA DO ROSARIO),false
210103,21,01,03,LAGOA (AÇORES),RIBEIRA CHÃ,false
210104,21,01,04,LAGOA (AÇORES),LAGOA (SANTA CRUZ),false
210105,21,01,05,LAGOA (AÇORES),CABOUCO,false
210201,21,02,01,NORDESTE,ACHADA,false
210202,21,02,02,NORDESTE,ACHADINHA,false
210203,21,02,03,NORDESTE,LOMBA DA FAZENDA,false
210204,21,02,04,NORDESTE,NORDESTE,false
210205,21,02,05,NORDESTE,NORDESTINHO,true
210206,21,02,06,NORDESTE,SANTANA,false
210207,21,02,07,NORDESTE,SALGA,false
210208,21,02,08,NORDESTE,ALGARVIA,false
210209,21,02,09,NORDESTE,SANTO ANTONIO DE NORDESTINHO,false
210210,21,02,10,NORDESTE,SAO PEDRO DE NORDESTINHO,false
210301,21,03,01,PONTA DELGADA,ARRIFES,false
210302,21,03,02,PONTA DELGADA,BRETANHA,true
210303,21,03,03,PONTA DELGADA,CANDELARIA,false
210304,21,03,04,PONTA DELGADA,CAPELAS,false
210305,21,03,05,PONTA DELGADA,FAJÃ DE BAIXO,false
210306,21,03,06,PONTA DELGADA,FAJÃ DE CIMA,false
210307,21,03,07,PONTA DELGADA,FENAIS DA LUZ,false
210308,21,03,08,PONTA DELGADA,FETEIRAS,false
210309,21,03,09,PONTA DELGADA,GINETES,false
210310,21,03,10,PONTA DELGADA,ROSTO DO CÃO (LIVRAMENTO),false
210311,21,03,11,PONTA DELGADA,MOSTEIROS,false
210312,21,03,12,PONTA DELGADA,PONTA DELGADA (SAO SEBASTIAO),false
210313,21,03,13,PONTA DELGADA,RELVA,false
210314,21,03,14,PONTA DELGADA,REMEDIOS,false
210315,21,03,15,PONTA DELGADA,SANTO ANTONIO,false
210316,21,03,16,PONTA DELGADA,PONTA DELGADA (S. JOSE),false
210317,21,03,17,PONTA DELGADA,PONTA DELGADA (S. PEDRO),false
210318,21,03,18,PONTA DELGADA,ROSTO DO CÃO (S. ROQUE),false
210319,21,03,19,PONTA DELGADA,S. VICENTE FERREIRA,false
210320,21,03,20,PONTA DELGADA,SETE CIDADES,false
210321,21,03,21,PONTA DELGADA,COVOADA,false
210322,21,03,22,PONTA DELGADA,SANTA BARBARA,false
210323,21,03,23,PONTA DELGADA,AJUDA DA BRETANHA,false
210324,21,03,24,PONTA DELGADA,PILAR DA BRETANHA,false
210325,21,03,25,PONTA DELGADA,SANTA CLARA,false
210401,21,04,01,POVOAÇÃO,AGUA RETORTA,false
210402,21,04,02,POVOAÇÃO,FAIAL DA TERRA,false
210403,21,04,03,POVOAÇÃO,NOSSA SENHORA DOS REMEDIOS,false
210404,21,04,04,POVOAÇÃO,FURNAS,false
210405,21,04,05,POVOAÇÃO,POVOAÇÃO,false
210406,21,04,06,POVOAÇÃO,RIBEIRA QUENTE,false
210501,21,05,01,RIBEIRA GRANDE,CALHETAS,false
210502,21,05,02,RIBEIRA GRANDE,RIBEIRA GRANDE (CONCEIÇÃO),false
210503,21,05,03,RIBEIRA GRANDE,FENAIS DA AJUDA,false
210504,21,05,04,RIBEIRA GRANDE,LOMBA DA MAIA,false
210505,21,05,05,RIBEIRA GRANDE,MAIA,false
210506,21,05,06,RIBEIRA GRANDE,PICO DA PEDRA,false
210507,21,05,07,RIBEIRA GRANDE,PORTO FORMOSO,false
210508,21,05,08,RIBEIRA GRANDE,RABO DE PEIXE,false
210509,21,05,09,RIBEIRA GRANDE,RIBEIRA GRANDE (MATRIZ),false
210510,21,05,10,RIBEIRA GRANDE,RIBEIRA SECA,false
210511,21,05,11,RIBEIRA GRANDE,RIBEIRINHA,false
210512,21,05,12,RIBEIRA GRANDE,SANTA BARBARA,false
210513,21,05,13,RIBEIRA GRANDE,LOMBA DE S. PEDRO,false
210514,21,05,14,RIBEIRA GRANDE,S. BRAS,false
210601,21,06,01,VILA FRANCA DO CAMPO,AGUA DE ALTO,false
210602,21,06,02,VILA FRANCA DO CAMPO,PONTA GARÇA,false
210603,21,06,03,VILA FRANCA DO CAMPO,VILA FRANCA DO CAMPO (S. MIGUEL),false
210604,21,06,04,VILA FRANCA DO CAMPO,VILA FRANCA DO CAMPO (S. PEDRO),false
210605,21,06,05,VILA FRANCA DO CAMPO,RIBEIRA DAS TAINHAS,false
210606,21,06,06,VILA FRANCA DO CAMPO,RIBEIRA SECA,false
210701,21,07,01,VILA DO PORTO,ALMAGREIRA,false
210702,21,07,02,VILA DO PORTO,SANTA BARBARA,false
210703,21,07,03,VILA DO PORTO,SANTO ESPIRITO,false
210704,21,07,04,VILA DO PORTO,S. PEDRO,false
210705,21,07,05,VILA DO PORTO,VILA DO PORTO,false
220101,22,01,01,CALHETA (MADEIRA),ARCO DA CALHETA,false
220102,22,01,02,CALHETA (MADEIRA),CALHETA,false
220103,22,01,03,CALHETA (MADEIRA),ESTREITO DA CALHETA,false
220104,22,01,04,CALHETA (MADEIRA),FAJÃ DA OVELHA,false
220105,22,01,05,CALHETA (MADEIRA),JARDIM DO MAR,false
220106,22,01,06,CALHETA (MADEIRA),PAUL DO MAR,false
220107,22,01,07,CALHETA (MADEIRA),PONTA DO PARGO,false
220108,22,01,08,CALHETA (MADEIRA),PRAZERES,false
220201,22,02,01,CAMARA DE LOBOS,CAMARA DE LOBOS,false
220202,22,02,02,CAMARA DE LOBOS,CURRAL DAS FREIRAS,false
220203,22,02,03,CAMARA DE LOBOS,ESTREITO DE CAMARA DE LOBOS,false
220204,22,02,04,CAMARA DE LOBOS,QUINTA GRANDE,false
220205,22,02,05,CAMARA DE LOBOS,JARDIM DA SERRA,false
220301,22,03,01,FUNCHAL,IMACULADO CORAÇÃO DE MARIA,false
220302,22,03,02,FUNCHAL,MONTE,false
220303,22,03,03,FUNCHAL,FUNCHAL (SANTA LUZIA),false
220304,22,03,04,FUNCHAL,FUNCHAL (SANTA MARIA MAIOR),false
220305,22,03,05,FUNCHAL,SANTO ANTONIO,false
220306,22,03,06,FUNCHAL,S. GONÇALO,false
220307,22,03,07,FUNCHAL,S. MARTINHO,false
220308,22,03,08,FUNCHAL,FUNCHAL (S. PEDRO),false
220309,22,03,09,FUNCHAL,S. ROQUE,false
220310,22,03,10,FUNCHAL,FUNCHAL (SE),false
220401,22,04,01,MACHICO,AGUA DE PENA,false
220402,22,04,02,MACHICO,CANIÇAL,false
220403,22,04,03,MACHICO,MACHICO,false
220404,22,04,04,MACHICO,PORTO DA CRUZ,false
220405,22,04,05,MACHICO,SANTO ANTONIO DA SERRA,false
220501,22,05,01,PONTA DO SOL,CANHAS,false
220502,22,05,02,PONTA DO SOL,MADALENA DO MAR,false
220503,22,05,03,PONTA DO SOL,PONTA DO SOL,false
220601,22,06,01,PORTO MONIZ,ACHADAS DA CRUZ,false
220602,22,06,02,PORTO MONIZ,PORTO MONIZ,false
220603,22,06,03,PORTO MONIZ,RIBEIRA DA JANELA,false
220604,22,06,04,PORTO MONIZ,SEIXAL,false
220701,22,07,01,PORTO SANTO,PORTO SANTO,false
220801,22,08,01,RIBEIRA BRAVA,CAMPANARIO,false
220802,22,08,02,RIBEIRA BRAVA,RIBEIRA BRAVA,false
220803,22,08,03,RIBEIRA BRAVA,SERRA DE AGUA,false
220804,22,08,04,RIBEIRA BRAVA,TABUA,false
220901,22,09,01,SANTA CRUZ,AGUA DE PENA,true
220902,22,09,02,SANTA CRUZ,CAMACHA,false
220903,22,09,03,SANTA CRUZ,CANIÇO,false
220904,22,09,04,SANTA CRUZ,GAULA,false
220905,22,09,05,SANTA CRUZ,SANTA CRUZ,false
220906,22,09,06,SANTA CRUZ,SANTO ANTONIO DA SERRA,false
221001,22,10,01,SANTANA,ARCO DE S. JORGE,false
221002,22,10,02,SANTANA,FAIAL,false
221003,22,10,03,SANTANA,SANTANA,false
221004,22,10,04,SANTANA,S. JORGE,false
221005,22,10,05,SANTANA,S. ROQUE DO FAIAL,false
221006,22,10,06,SANTANA,ILHA,false
221101,22,11,01,S. VICENTE,BOA VENTURA,false
221102,22,11,02,S. VICENTE,PONTA DELGADA,false
221103,22,11,03,S. VICENTE,S. VICENTE,false
